{
    "type": "FeatureCollection",
    "features": [
        {
            "type": "Feature",
            "geometry": null,
            "properties": {
                "id": "100104",
                "name": "เขื่อนแม่กวงอุดมธารา",
                "region": "ภาคเหนือ",
                "capacity": 295.0,
                "volume": 0,
                "percent_storage": 0,
                "active_storage": 249.0,
                "dead_storage": 14.0,
                "inflow": 0,
                "outflow": 0,
                "date": "2026-10-01"
            }
        },
        {
            "type": "Feature",
            "geometry": null,
            "properties": {
                "id": "100105",
                "name": "เขื่อนกิ่วลม",
                "region": "ภาคเหนือ",
                "capacity": 106.22,
                "volume": 98.5,
                "percent_storage": 92.73,
                "active_storage": 102.67,
                "dead_storage": 3.55,
                "inflow": 3.475,
                "outflow": 2.618,
                "date": "2026-10-01"
            }
        },
        {
            "type": "Feature",
            "geometry": null,
            "properties": {
                "id": "100106",
                "name": "เขื่อนกิ่วคอหมา",
                "region": "ภาคเหนือ",
                "capacity": 208.6,
                "volume": 162.72,
                "percent_storage": 95.72,
                "active_storage": 163.8,
                "dead_storage": 6.2,
                "inflow": 1.062,
                "outflow": 0.392,
                "date": "2026-10-01"
            }
        },
        {
            "type": "Feature",
            "geometry": null,
            "properties": {
                "id": "100107",
                "name": "เขื่อนแควน้อยบำรุงแดน",
                "region": "ภาคเหนือ",
                "capacity": 1080.0,
                "volume": 0,
                "percent_storage": 0,
                "active_storage": 896.0,
                "dead_storage": 43.0,
                "inflow": 0,
                "outflow": 0,
                "date": "2026-10-01"
            }
        },
        {
            "type": "Feature",
            "geometry": null,
            "properties": {
                "id": "100108",
                "name": "เขื่อนแม่มอก",
                "region": "ภาคเหนือ",
                "capacity": 110.0,
                "volume": 0,
                "percent_storage": 0,
                "active_storage": 94.1,
                "dead_storage": 15.9,
                "inflow": 0,
                "outflow": 0,
                "date": "2026-10-01"
            }
        },
        {
            "type": "Feature",
            "geometry": null,
            "properties": {
                "id": "200101",
                "name": "เขื่อนภูมิพล",
                "region": "ภาคเหนือ",
                "capacity": 13462.0,
                "volume": 0,
                "percent_storage": 0,
                "active_storage": 9662.0,
                "dead_storage": 3800.0,
                "inflow": 0,
                "outflow": 0,
                "date": "2026-10-01"
            }
        },
        {
            "type": "Feature",
            "geometry": null,
            "properties": {
                "id": "200102",
                "name": "เขื่อนสิริกิติ์",
                "region": "ภาคเหนือ",
                "capacity": 10508.0,
                "volume": 0,
                "percent_storage": 0,
                "active_storage": 6660.0,
                "dead_storage": 2850.0,
                "inflow": 0,
                "outflow": 0,
                "date": "2026-10-01"
            }
        },
        {
            "type": "Feature",
            "geometry": null,
            "properties": {
                "id": "200103",
                "name": "เขื่อนแม่งัดสมบูรณ์ชล",
                "region": "ภาคเหนือ",
                "capacity": 323.0,
                "volume": 0,
                "percent_storage": 0,
                "active_storage": 253.0,
                "dead_storage": 12.0,
                "inflow": 0,
                "outflow": 0,
                "date": "2026-10-01"
            }
        },
        {
            "type": "Feature",
            "geometry": null,
            "properties": {
                "id": "100201",
                "name": "เขื่อนห้วยหลวง",
                "region": "ภาคตะวันออกเฉียงเหนือ",
                "capacity": 135.57,
                "volume": 0,
                "percent_storage": 0,
                "active_storage": 128.98,
                "dead_storage": 6.59,
                "inflow": 0,
                "outflow": 0,
                "date": "2026-10-01"
            }
        },
        {
            "type": "Feature",
            "geometry": null,
            "properties": {
                "id": "100202",
                "name": "เขื่อนน้ำอูน",
                "region": "ภาคตะวันออกเฉียงเหนือ",
                "capacity": 780.0,
                "volume": 327.5,
                "percent_storage": 62.98,
                "active_storage": 475.0,
                "dead_storage": 45.0,
                "inflow": 0.384,
                "outflow": 1.234,
                "date": "2026-10-01"
            }
        },
        {
            "type": "Feature",
            "geometry": null,
            "properties": {
                "id": "100206",
                "name": "เขื่อนลำปาว",
                "region": "ภาคตะวันออกเฉียงเหนือ",
                "capacity": 2450.0,
                "volume": 0,
                "percent_storage": 0,
                "active_storage": 1880.0,
                "dead_storage": 100.0,
                "inflow": 0,
                "outflow": 0,
                "date": "2026-10-01"
            }
        },
        {
            "type": "Feature",
            "geometry": null,
            "properties": {
                "id": "100207",
                "name": "เขื่อนลำตะคอง",
                "region": "ภาคตะวันออกเฉียงเหนือ",
                "capacity": 445.0,
                "volume": 0,
                "percent_storage": 0,
                "active_storage": 291.79,
                "dead_storage": 22.7,
                "inflow": 0,
                "outflow": 0,
                "date": "2026-10-01"
            }
        },
        {
            "type": "Feature",
            "geometry": null,
            "properties": {
                "id": "100208",
                "name": "เขื่อนลำพระเพลิง",
                "region": "ภาคตะวันออกเฉียงเหนือ",
                "capacity": 242.0,
                "volume": 126.35,
                "percent_storage": 81.51,
                "active_storage": 153.6,
                "dead_storage": 1.4,
                "inflow": 1.733,
                "outflow": 1.454,
                "date": "2026-10-01"
            }
        },
        {
            "type": "Feature",
            "geometry": null,
            "properties": {
                "id": "100209",
                "name": "เขื่อนมูลบน",
                "region": "ภาคตะวันออกเฉียงเหนือ",
                "capacity": 350.0,
                "volume": 0,
                "percent_storage": 0,
                "active_storage": 134.0,
                "dead_storage": 7.0,
                "inflow": 0,
                "outflow": 0,
                "date": "2026-10-01"
            }
        },
        {
            "type": "Feature",
            "geometry": null,
            "properties": {
                "id": "100210",
                "name": "เขื่อนลำแชะ",
                "region": "ภาคตะวันออกเฉียงเหนือ",
                "capacity": 325.0,
                "volume": 0,
                "percent_storage": 0,
                "active_storage": 268.0,
                "dead_storage": 7.0,
                "inflow": 0,
                "outflow": 0,
                "date": "2026-10-01"
            }
        },
        {
            "type": "Feature",
            "geometry": null,
            "properties": {
                "id": "100211",
                "name": "เขื่อนลำนางรอง",
                "region": "ภาคตะวันออกเฉียงเหนือ",
                "capacity": 196.67,
                "volume": 58.28,
                "percent_storage": 48.01,
                "active_storage": 118.41,
                "dead_storage": 3.0,
                "inflow": 0.329,
                "outflow": 0,
                "date": "2026-10-01"
            }
        },
        {
            "type": "Feature",
            "geometry": null,
            "properties": {
                "id": "200203",
                "name": "เขื่อนน้ำพุง",
                "region": "ภาคตะวันออกเฉียงเหนือ",
                "capacity": 200.0,
                "volume": 0,
                "percent_storage": 0,
                "active_storage": 157.0,
                "dead_storage": 8.0,
                "inflow": 0,
                "outflow": 0,
                "date": "2026-10-01"
            }
        },
        {
            "type": "Feature",
            "geometry": null,
            "properties": {
                "id": "200204",
                "name": "เขื่อนจุฬาภรณ์",
                "region": "ภาคตะวันออกเฉียงเหนือ",
                "capacity": 181.0,
                "volume": 0,
                "percent_storage": 0,
                "active_storage": 127.0,
                "dead_storage": 37.0,
                "inflow": 0,
                "outflow": 0,
                "date": "2026-10-01"
            }
        },
        {
            "type": "Feature",
            "geometry": null,
            "properties": {
                "id": "200205",
                "name": "เขื่อนอุบลรัตน์",
                "region": "ภาคตะวันออกเฉียงเหนือ",
                "capacity": 2431.0,
                "volume": 0,
                "percent_storage": 0,
                "active_storage": 1850.0,
                "dead_storage": 581.0,
                "inflow": 0,
                "outflow": 0,
                "date": "2026-10-01"
            }
        },
        {
            "type": "Feature",
            "geometry": null,
            "properties": {
                "id": "200212",
                "name": "เขื่อนสิรินธร",
                "region": "ภาคตะวันออกเฉียงเหนือ",
                "capacity": 1966.0,
                "volume": 0,
                "percent_storage": 0,
                "active_storage": 1134.62,
                "dead_storage": 831.38,
                "inflow": 0,
                "outflow": 0,
                "date": "2026-10-01"
            }
        },
        {
            "type": "Feature",
            "geometry": null,
            "properties": {
                "id": "100301",
                "name": "เขื่อนป่าสักชลสิทธิ์",
                "region": "ภาคกลาง",
                "capacity": 1036.16,
                "volume": 0,
                "percent_storage": 0,
                "active_storage": 871.5,
                "dead_storage": 14.64,
                "inflow": 0,
                "outflow": 0,
                "date": "2026-10-01"
            }
        },
        {
            "type": "Feature",
            "geometry": null,
            "properties": {
                "id": "100302",
                "name": "เขื่อนทับเสลา",
                "region": "ภาคกลาง",
                "capacity": 190.0,
                "volume": 0,
                "percent_storage": 0,
                "active_storage": 143.0,
                "dead_storage": 17.0,
                "inflow": 0,
                "outflow": 0,
                "date": "2026-10-01"
            }
        },
        {
            "type": "Feature",
            "geometry": null,
            "properties": {
                "id": "100303",
                "name": "เขื่อนกระเสียว",
                "region": "ภาคกลาง",
                "capacity": 390.0,
                "volume": 0,
                "percent_storage": 0,
                "active_storage": 259.0,
                "dead_storage": 40.0,
                "inflow": 0,
                "outflow": 0,
                "date": "2026-10-01"
            }
        },
        {
            "type": "Feature",
            "geometry": null,
            "properties": {
                "id": "200401",
                "name": "เขื่อนศรีนครินทร์",
                "region": "ภาคตะวันตก",
                "capacity": 18770.0,
                "volume": 0,
                "percent_storage": 0,
                "active_storage": 7480.0,
                "dead_storage": 10265.0,
                "inflow": 0,
                "outflow": 0,
                "date": "2026-10-01"
            }
        },
        {
            "type": "Feature",
            "geometry": null,
            "properties": {
                "id": "200402",
                "name": "เขื่อนวชิราลงกรณ",
                "region": "ภาคตะวันตก",
                "capacity": 11000.0,
                "volume": 0,
                "percent_storage": 0,
                "active_storage": 5848.0,
                "dead_storage": 3012.0,
                "inflow": 0,
                "outflow": 0,
                "date": "2026-10-01"
            }
        },
        {
            "type": "Feature",
            "geometry": null,
            "properties": {
                "id": "100501",
                "name": "เขื่อนขุนด่านปราการชล",
                "region": "ภาคตะวันออก",
                "capacity": 224.9,
                "volume": 216.97,
                "percent_storage": 96.86,
                "active_storage": 219.48,
                "dead_storage": 4.52,
                "inflow": 2.465,
                "outflow": 1.274,
                "date": "2026-10-01"
            }
        },
        {
            "type": "Feature",
            "geometry": null,
            "properties": {
                "id": "100502",
                "name": "เขื่อนคลองสียัด",
                "region": "ภาคตะวันออก",
                "capacity": 450.0,
                "volume": 0,
                "percent_storage": 0,
                "active_storage": 390.0,
                "dead_storage": 30.0,
                "inflow": 0,
                "outflow": 0,
                "date": "2026-10-01"
            }
        },
        {
            "type": "Feature",
            "geometry": null,
            "properties": {
                "id": "100503",
                "name": "เขื่อนบางพระ",
                "region": "ภาคตะวันออก",
                "capacity": 127.0,
                "volume": 0,
                "percent_storage": 0,
                "active_storage": 104.94,
                "dead_storage": 12.06,
                "inflow": 0,
                "outflow": 0,
                "date": "2026-10-01"
            }
        },
        {
            "type": "Feature",
            "geometry": null,
            "properties": {
                "id": "100504",
                "name": "เขื่อนหนองปลาไหล",
                "region": "ภาคตะวันออก",
                "capacity": 205.85,
                "volume": 0,
                "percent_storage": 0,
                "active_storage": 150.25,
                "dead_storage": 13.5,
                "inflow": 0,
                "outflow": 0,
                "date": "2026-10-01"
            }
        },
        {
            "type": "Feature",
            "geometry": null,
            "properties": {
                "id": "100505",
                "name": "เขื่อนประแสร์",
                "region": "ภาคตะวันออก",
                "capacity": 322.0,
                "volume": 0,
                "percent_storage": 0,
                "active_storage": 275.0,
                "dead_storage": 20.0,
                "inflow": 0,
                "outflow": 0,
                "date": "2026-10-01"
            }
        },
        {
            "type": "Feature",
            "geometry": null,
            "properties": {
                "id": "100514",
                "name": "เขื่อนนฤบดินทรจินดา",
                "region": "ภาคตะวันออก",
                "capacity": 338.0,
                "volume": 0,
                "percent_storage": 0,
                "active_storage": 280.75,
                "dead_storage": 14.25,
                "inflow": 0,
                "outflow": 0,
                "date": "2026-10-01"
            }
        },
        {
            "type": "Feature",
            "geometry": null,
            "properties": {
                "id": "100602",
                "name": "เขื่อนปราณบุรี",
                "region": "ภาคใต้",
                "capacity": 490.0,
                "volume": 317.74,
                "percent_storage": 81.26,
                "active_storage": 373.41,
                "dead_storage": 17.59,
                "inflow": 9.36,
                "outflow": 2.388,
                "date": "2026-10-01"
            }
        },
        {
            "type": "Feature",
            "geometry": null,
            "properties": {
                "id": "200601",
                "name": "เขื่อนแก่งกระจาน",
                "region": "ภาคใต้",
                "capacity": 900.0,
                "volume": 0,
                "percent_storage": 0,
                "active_storage": 645.0,
                "dead_storage": 65.0,
                "inflow": 0,
                "outflow": 0,
                "date": "2026-10-01"
            }
        },
        {
            "type": "Feature",
            "geometry": null,
            "properties": {
                "id": "200603",
                "name": "เขื่อนรัชชประภา",
                "region": "ภาคใต้",
                "capacity": 6144.0,
                "volume": 0,
                "percent_storage": 0,
                "active_storage": 4287.3,
                "dead_storage": 1351.54,
                "inflow": 0,
                "outflow": 0,
                "date": "2026-10-01"
            }
        },
        {
            "type": "Feature",
            "geometry": null,
            "properties": {
                "id": "200604",
                "name": "เขื่อนบางลาง",
                "region": "ภาคใต้",
                "capacity": 1590.0,
                "volume": 0,
                "percent_storage": 0,
                "active_storage": 1178.08,
                "dead_storage": 276.28,
                "inflow": 0,
                "outflow": 0,
                "date": "2026-10-01"
            }
        },
        {
            "type": "Feature",
            "geometry": null,
            "properties": {
                "id": "rsv01",
                "name": "อ่างเก็บน้ำห้วยแม่ออน",
                "region": "ภาคเหนือ",
                "capacity": 0,
                "volume": 0,
                "percent_storage": 0,
                "active_storage": 0,
                "dead_storage": 0.8,
                "inflow": 0,
                "outflow": 0,
                "date": "2026-10-01"
            }
        },
        {
            "type": "Feature",
            "geometry": null,
            "properties": {
                "id": "rsv02",
                "name": "อ่างเก็บน้ำแม่จอกหลวง",
                "region": "ภาคเหนือ",
                "capacity": 0,
                "volume": 0,
                "percent_storage": 0,
                "active_storage": 0,
                "dead_storage": 0.1,
                "inflow": 0,
                "outflow": 0,
                "date": "2026-10-01"
            }
        },
        {
            "type": "Feature",
            "geometry": null,
            "properties": {
                "id": "rsv03",
                "name": "อ่างเก็บน้ำห้วยมะนาว",
                "region": "ภาคเหนือ",
                "capacity": 0,
                "volume": 0,
                "percent_storage": 0,
                "active_storage": 0,
                "dead_storage": 0.1,
                "inflow": 0,
                "outflow": 0,
                "date": "2026-10-01"
            }
        },
        {
            "type": "Feature",
            "geometry": null,
            "properties": {
                "id": "rsv04",
                "name": "อ่างเก็บน้ำห้วยโป่งจ้อ",
                "region": "ภาคเหนือ",
                "capacity": 0,
                "volume": 0,
                "percent_storage": 0,
                "active_storage": 0,
                "dead_storage": 0.05,
                "inflow": 0,
                "outflow": 0,
                "date": "2026-10-01"
            }
        },
        {
            "type": "Feature",
            "geometry": null,
            "properties": {
                "id": "rsv05",
                "name": "อ่างเก็บน้ำแม่ตูบ",
                "region": "ภาคเหนือ",
                "capacity": 0,
                "volume": 0,
                "percent_storage": 0,
                "active_storage": 0,
                "dead_storage": 0.5,
                "inflow": 0,
                "outflow": 0,
                "date": "2026-10-01"
            }
        },
        {
            "type": "Feature",
            "geometry": null,
            "properties": {
                "id": "rsv06",
                "name": "อ่างเก็บน้ำแม่โก๋น",
                "region": "ภาคเหนือ",
                "capacity": 0,
                "volume": 0,
                "percent_storage": 0,
                "active_storage": 0,
                "dead_storage": 0.32,
                "inflow": 0,
                "outflow": 0,
                "date": "2026-10-01"
            }
        },
        {
            "type": "Feature",
            "geometry": null,
            "properties": {
                "id": "rsv07",
                "name": "อ่างเก็บน้ำห้วยเดื่อ",
                "region": "ภาคเหนือ",
                "capacity": 0,
                "volume": 0,
                "percent_storage": 0,
                "active_storage": 0,
                "dead_storage": 0.283,
                "inflow": 0,
                "outflow": 0,
                "date": "2026-10-01"
            }
        },
        {
            "type": "Feature",
            "geometry": null,
            "properties": {
                "id": "rsv08",
                "name": "อ่างเก็บน้ำแม่แหลงหลวง",
                "region": "ภาคเหนือ",
                "capacity": 0,
                "volume": 0,
                "percent_storage": 0,
                "active_storage": 0,
                "dead_storage": 0.127,
                "inflow": 0,
                "outflow": 0,
                "date": "2026-10-01"
            }
        },
        {
            "type": "Feature",
            "geometry": null,
            "properties": {
                "id": "rsv09",
                "name": "อ่างเก็บน้ำแม่ข้อน",
                "region": "ภาคเหนือ",
                "capacity": 0,
                "volume": 0,
                "percent_storage": 0,
                "active_storage": 0,
                "dead_storage": 0.35,
                "inflow": 0,
                "outflow": 0,
                "date": "2026-10-01"
            }
        },
        {
            "type": "Feature",
            "geometry": null,
            "properties": {
                "id": "rsv10",
                "name": "อ่างเก็บน้ำสันหนอง",
                "region": "ภาคเหนือ",
                "capacity": 0,
                "volume": 0,
                "percent_storage": 0,
                "active_storage": 0,
                "dead_storage": 0.35,
                "inflow": 0,
                "outflow": 0,
                "date": "2026-10-01"
            }
        },
        {
            "type": "Feature",
            "geometry": null,
            "properties": {
                "id": "rsv11",
                "name": "อ่างเก็บน้ำแม่ทะลบหลวง",
                "region": "ภาคเหนือ",
                "capacity": 0,
                "volume": 0,
                "percent_storage": 0,
                "active_storage": 0,
                "dead_storage": 2.3,
                "inflow": 0,
                "outflow": 0,
                "date": "2026-10-01"
            }
        },
        {
            "type": "Feature",
            "geometry": null,
            "properties": {
                "id": "rsv531",
                "name": "อ่างเก็บน้ำ แม่สะลวม",
                "region": "ภาคเหนือ",
                "capacity": 0,
                "volume": 0,
                "percent_storage": 0,
                "active_storage": 0,
                "dead_storage": 0.55,
                "inflow": 0,
                "outflow": 0,
                "date": "2026-10-01"
            }
        },
        {
            "type": "Feature",
            "geometry": null,
            "properties": {
                "id": "rsv13",
                "name": "อ่างเก็บน้ำแม่ตีบ",
                "region": "ภาคเหนือ",
                "capacity": 0,
                "volume": 0,
                "percent_storage": 0,
                "active_storage": 0,
                "dead_storage": 0.5,
                "inflow": 0,
                "outflow": 0,
                "date": "2026-10-01"
            }
        },
        {
            "type": "Feature",
            "geometry": null,
            "properties": {
                "id": "rsv14",
                "name": "อ่างเก็บน้ำแม่สาน",
                "region": "ภาคเหนือ",
                "capacity": 0,
                "volume": 0,
                "percent_storage": 0,
                "active_storage": 0,
                "dead_storage": 0.26,
                "inflow": 0,
                "outflow": 0,
                "date": "2026-10-01"
            }
        },
        {
            "type": "Feature",
            "geometry": null,
            "properties": {
                "id": "rsv15",
                "name": "อ่างเก็บน้ำแม่ธิ",
                "region": "ภาคเหนือ",
                "capacity": 0,
                "volume": 0,
                "percent_storage": 0,
                "active_storage": 0,
                "dead_storage": 0.15,
                "inflow": 0,
                "outflow": 0,
                "date": "2026-10-01"
            }
        },
        {
            "type": "Feature",
            "geometry": null,
            "properties": {
                "id": "rsv16",
                "name": "อ่างเก็บน้ำแม่เมย",
                "region": "ภาคเหนือ",
                "capacity": 0,
                "volume": 0,
                "percent_storage": 0,
                "active_storage": 0,
                "dead_storage": 0.02,
                "inflow": 0,
                "outflow": 0,
                "date": "2026-10-01"
            }
        },
        {
            "type": "Feature",
            "geometry": null,
            "properties": {
                "id": "rsv19",
                "name": "อ่างเก็บน้ำห้วยช้าง",
                "region": "ภาคเหนือ",
                "capacity": 6.3,
                "volume": 6.165,
                "percent_storage": 97.86,
                "active_storage": 0,
                "dead_storage": 0.3,
                "inflow": 0.033,
                "outflow": 0,
                "date": "2026-10-01"
            }
        },
        {
            "type": "Feature",
            "geometry": null,
            "properties": {
                "id": "rsv20",
                "name": "อ่างเก็บน้ำแม่ต๊าก",
                "region": "ภาคเหนือ",
                "capacity": 9.0,
                "volume": 8.52,
                "percent_storage": 94.67,
                "active_storage": 0,
                "dead_storage": 1.45,
                "inflow": 0.02,
                "outflow": 0,
                "date": "2026-10-01"
            }
        },
        {
            "type": "Feature",
            "geometry": null,
            "properties": {
                "id": "rsv21",
                "name": "อ่างเก็บน้ำแม่สรวย",
                "region": "ภาคเหนือ",
                "capacity": 72.997,
                "volume": 57.288,
                "percent_storage": 78.48,
                "active_storage": 0,
                "dead_storage": 3.0,
                "inflow": 0.419,
                "outflow": 0.392,
                "date": "2026-10-01"
            }
        },
        {
            "type": "Feature",
            "geometry": null,
            "properties": {
                "id": "rsv483",
                "name": "อ่างเก็บน้ำดอยงู",
                "region": "ภาคเหนือ",
                "capacity": 7.37,
                "volume": 7.153,
                "percent_storage": 97.06,
                "active_storage": 0,
                "dead_storage": 1.34,
                "inflow": 0.16,
                "outflow": 0.118,
                "date": "2026-10-01"
            }
        },
        {
            "type": "Feature",
            "geometry": null,
            "properties": {
                "id": "rsv22",
                "name": "อ่างเก็บน้ำแม่ทะ",
                "region": "ภาคเหนือ",
                "capacity": 0,
                "volume": 0,
                "percent_storage": 0,
                "active_storage": 0,
                "dead_storage": 0.24,
                "inflow": 0,
                "outflow": 0,
                "date": "2026-10-01"
            }
        },
        {
            "type": "Feature",
            "geometry": null,
            "properties": {
                "id": "rsv23",
                "name": "อ่างเก็บน้ำแม่อาบ",
                "region": "ภาคเหนือ",
                "capacity": 0,
                "volume": 0,
                "percent_storage": 0,
                "active_storage": 0,
                "dead_storage": 0.54,
                "inflow": 0,
                "outflow": 0,
                "date": "2026-10-01"
            }
        },
        {
            "type": "Feature",
            "geometry": null,
            "properties": {
                "id": "rsv24",
                "name": "อ่างเก็บน้ำแม่ทาน",
                "region": "ภาคเหนือ",
                "capacity": 0,
                "volume": 0,
                "percent_storage": 0,
                "active_storage": 0,
                "dead_storage": 1.36,
                "inflow": 0,
                "outflow": 0,
                "date": "2026-10-01"
            }
        },
        {
            "type": "Feature",
            "geometry": null,
            "properties": {
                "id": "rsv25",
                "name": "อ่างเก็บน้ำห้วยสมัย",
                "region": "ภาคเหนือ",
                "capacity": 0,
                "volume": 0,
                "percent_storage": 0,
                "active_storage": 0,
                "dead_storage": 0.16,
                "inflow": 0,
                "outflow": 0,
                "date": "2026-10-01"
            }
        },
        {
            "type": "Feature",
            "geometry": null,
            "properties": {
                "id": "rsv26",
                "name": "อ่างเก็บน้ำแม่พริก",
                "region": "ภาคเหนือ",
                "capacity": 0,
                "volume": 0,
                "percent_storage": 0,
                "active_storage": 0,
                "dead_storage": 0.4,
                "inflow": 0,
                "outflow": 0,
                "date": "2026-10-01"
            }
        },
        {
            "type": "Feature",
            "geometry": null,
            "properties": {
                "id": "rsv27",
                "name": "อ่างเก็บน้ำแม่เลียงพัฒนา",
                "region": "ภาคเหนือ",
                "capacity": 0,
                "volume": 0,
                "percent_storage": 0,
                "active_storage": 0,
                "dead_storage": 0.8,
                "inflow": 0,
                "outflow": 0,
                "date": "2026-10-01"
            }
        },
        {
            "type": "Feature",
            "geometry": null,
            "properties": {
                "id": "rsv29",
                "name": "อ่างเก็บน้ำแม่ทรายคำ",
                "region": "ภาคเหนือ",
                "capacity": 0,
                "volume": 0,
                "percent_storage": 0,
                "active_storage": 0,
                "dead_storage": 0.138,
                "inflow": 0,
                "outflow": 0,
                "date": "2026-10-01"
            }
        },
        {
            "type": "Feature",
            "geometry": null,
            "properties": {
                "id": "rsv30",
                "name": "อ่างเก็บน้ำห้วยหลวงวังวัว",
                "region": "ภาคเหนือ",
                "capacity": 0,
                "volume": 0,
                "percent_storage": 0,
                "active_storage": 0,
                "dead_storage": 0.15,
                "inflow": 0,
                "outflow": 0,
                "date": "2026-10-01"
            }
        },
        {
            "type": "Feature",
            "geometry": null,
            "properties": {
                "id": "rsv31",
                "name": "อ่างเก็บน้ำห้วยแม่ค่อม",
                "region": "ภาคเหนือ",
                "capacity": 0,
                "volume": 0,
                "percent_storage": 0,
                "active_storage": 0,
                "dead_storage": 0.16,
                "inflow": 0,
                "outflow": 0,
                "date": "2026-10-01"
            }
        },
        {
            "type": "Feature",
            "geometry": null,
            "properties": {
                "id": "rsv32",
                "name": "อ่างเก็บน้ำแม่ต๋ำน้อย",
                "region": "ภาคเหนือ",
                "capacity": 0,
                "volume": 0,
                "percent_storage": 0,
                "active_storage": 0,
                "dead_storage": 0.07,
                "inflow": 0,
                "outflow": 0,
                "date": "2026-10-01"
            }
        },
        {
            "type": "Feature",
            "geometry": null,
            "properties": {
                "id": "rsv33",
                "name": "อ่างเก็บน้ำแม่เฟือง",
                "region": "ภาคเหนือ",
                "capacity": 0,
                "volume": 0,
                "percent_storage": 0,
                "active_storage": 0,
                "dead_storage": 0.178,
                "inflow": 0,
                "outflow": 0,
                "date": "2026-10-01"
            }
        },
        {
            "type": "Feature",
            "geometry": null,
            "properties": {
                "id": "rsv34",
                "name": "อ่างเก็บน้ำแม่ไฮ",
                "region": "ภาคเหนือ",
                "capacity": 0,
                "volume": 0,
                "percent_storage": 0,
                "active_storage": 0,
                "dead_storage": 0.115,
                "inflow": 0,
                "outflow": 0,
                "date": "2026-10-01"
            }
        },
        {
            "type": "Feature",
            "geometry": null,
            "properties": {
                "id": "rsv35",
                "name": "อ่างเก็บน้ำแม่ธิ",
                "region": "ภาคเหนือ",
                "capacity": 0,
                "volume": 0,
                "percent_storage": 0,
                "active_storage": 0,
                "dead_storage": 0.105,
                "inflow": 0,
                "outflow": 0,
                "date": "2026-10-01"
            }
        },
        {
            "type": "Feature",
            "geometry": null,
            "properties": {
                "id": "rsv36",
                "name": "อ่างเก็บน้ำห้วยแม่งอน",
                "region": "ภาคเหนือ",
                "capacity": 0,
                "volume": 0,
                "percent_storage": 0,
                "active_storage": 0,
                "dead_storage": 0.116,
                "inflow": 0,
                "outflow": 0,
                "date": "2026-10-01"
            }
        },
        {
            "type": "Feature",
            "geometry": null,
            "properties": {
                "id": "rsv37",
                "name": "อ่างเก็บน้ำแม่ต๋ำตอนล่าง",
                "region": "ภาคเหนือ",
                "capacity": 0,
                "volume": 0,
                "percent_storage": 0,
                "active_storage": 0,
                "dead_storage": 0.691,
                "inflow": 0,
                "outflow": 0,
                "date": "2026-10-01"
            }
        },
        {
            "type": "Feature",
            "geometry": null,
            "properties": {
                "id": "rsv38",
                "name": "อ่างเก็บน้ำแม่วะ",
                "region": "ภาคเหนือ",
                "capacity": 0,
                "volume": 0,
                "percent_storage": 0,
                "active_storage": 0,
                "dead_storage": 0.95,
                "inflow": 0,
                "outflow": 0,
                "date": "2026-10-01"
            }
        },
        {
            "type": "Feature",
            "geometry": null,
            "properties": {
                "id": "rsv39",
                "name": "อ่างเก็บน้ำแม่ล้อหัก",
                "region": "ภาคเหนือ",
                "capacity": 0,
                "volume": 0,
                "percent_storage": 0,
                "active_storage": 0,
                "dead_storage": 0.048,
                "inflow": 0,
                "outflow": 0,
                "date": "2026-10-01"
            }
        },
        {
            "type": "Feature",
            "geometry": null,
            "properties": {
                "id": "rsv40",
                "name": "อ่างเก็บน้ำแม่ทก",
                "region": "ภาคเหนือ",
                "capacity": 0,
                "volume": 0,
                "percent_storage": 0,
                "active_storage": 0,
                "dead_storage": 0.054,
                "inflow": 0,
                "outflow": 0,
                "date": "2026-10-01"
            }
        },
        {
            "type": "Feature",
            "geometry": null,
            "properties": {
                "id": "rsv41",
                "name": "อ่างเก็บน้ำแม่เรียง",
                "region": "ภาคเหนือ",
                "capacity": 0,
                "volume": 0,
                "percent_storage": 0,
                "active_storage": 0,
                "dead_storage": 0.338,
                "inflow": 0,
                "outflow": 0,
                "date": "2026-10-01"
            }
        },
        {
            "type": "Feature",
            "geometry": null,
            "properties": {
                "id": "rsv42",
                "name": "อ่างเก็บน้ำห้วยหลวง",
                "region": "ภาคเหนือ",
                "capacity": 0,
                "volume": 0,
                "percent_storage": 0,
                "active_storage": 0,
                "dead_storage": 0.17,
                "inflow": 0,
                "outflow": 0,
                "date": "2026-10-01"
            }
        },
        {
            "type": "Feature",
            "geometry": null,
            "properties": {
                "id": "rsv43",
                "name": "อ่างเก็บน้ำแม่กึ๊ด",
                "region": "ภาคเหนือ",
                "capacity": 0,
                "volume": 0,
                "percent_storage": 0,
                "active_storage": 0,
                "dead_storage": 0.16,
                "inflow": 0,
                "outflow": 0,
                "date": "2026-10-01"
            }
        },
        {
            "type": "Feature",
            "geometry": null,
            "properties": {
                "id": "rsv44",
                "name": "อ่างเก็บน้ำห้วยเกี๋ยง",
                "region": "ภาคเหนือ",
                "capacity": 0,
                "volume": 0,
                "percent_storage": 0,
                "active_storage": 0,
                "dead_storage": 0.6,
                "inflow": 0,
                "outflow": 0,
                "date": "2026-10-01"
            }
        },
        {
            "type": "Feature",
            "geometry": null,
            "properties": {
                "id": "rsv45",
                "name": "อ่างเก็บน้ำแม่ปอน",
                "region": "ภาคเหนือ",
                "capacity": 0,
                "volume": 0,
                "percent_storage": 0,
                "active_storage": 0,
                "dead_storage": 0.151,
                "inflow": 0,
                "outflow": 0,
                "date": "2026-10-01"
            }
        },
        {
            "type": "Feature",
            "geometry": null,
            "properties": {
                "id": "rsv46",
                "name": "อ่างเก็บน้ำห้วยแม่ยาว",
                "region": "ภาคเหนือ",
                "capacity": 0,
                "volume": 0,
                "percent_storage": 0,
                "active_storage": 0,
                "dead_storage": 0.28,
                "inflow": 0,
                "outflow": 0,
                "date": "2026-10-01"
            }
        },
        {
            "type": "Feature",
            "geometry": null,
            "properties": {
                "id": "rsv47",
                "name": "อ่างเก็บน้ำแม่ไพร",
                "region": "ภาคเหนือ",
                "capacity": 0,
                "volume": 0,
                "percent_storage": 0,
                "active_storage": 0,
                "dead_storage": 0.13,
                "inflow": 0,
                "outflow": 0,
                "date": "2026-10-01"
            }
        },
        {
            "type": "Feature",
            "geometry": null,
            "properties": {
                "id": "rsv48",
                "name": "อ่างเก็บน้ำห้วยแม่สัน",
                "region": "ภาคเหนือ",
                "capacity": 0,
                "volume": 0,
                "percent_storage": 0,
                "active_storage": 0,
                "dead_storage": 0.04,
                "inflow": 0,
                "outflow": 0,
                "date": "2026-10-01"
            }
        },
        {
            "type": "Feature",
            "geometry": null,
            "properties": {
                "id": "rsv478",
                "name": "อ่างเก็บน้ำแม่พริก (ผาวิ่งชู้)",
                "region": "ภาคเหนือ",
                "capacity": 0,
                "volume": 0,
                "percent_storage": 0,
                "active_storage": 0,
                "dead_storage": 5.84,
                "inflow": 0,
                "outflow": 0,
                "date": "2026-10-01"
            }
        },
        {
            "type": "Feature",
            "geometry": null,
            "properties": {
                "id": "rsv479",
                "name": "อ่างเก็บน้ำแม่ฟ้า",
                "region": "ภาคเหนือ",
                "capacity": 0,
                "volume": 0,
                "percent_storage": 0,
                "active_storage": 0,
                "dead_storage": 1.1,
                "inflow": 0,
                "outflow": 0,
                "date": "2026-10-01"
            }
        },
        {
            "type": "Feature",
            "geometry": null,
            "properties": {
                "id": "rsv523",
                "name": "อ่างเก็บน้ำแม่อ้อน 2",
                "region": "ภาคเหนือ",
                "capacity": 0,
                "volume": 0,
                "percent_storage": 0,
                "active_storage": 0,
                "dead_storage": 0.5,
                "inflow": 0,
                "outflow": 0,
                "date": "2026-10-01"
            }
        },
        {
            "type": "Feature",
            "geometry": null,
            "properties": {
                "id": "rsv532",
                "name": "อ่างเก็บน้ำ แม่อาง",
                "region": "ภาคเหนือ",
                "capacity": 0,
                "volume": 0,
                "percent_storage": 0,
                "active_storage": 0,
                "dead_storage": 0.099,
                "inflow": 0,
                "outflow": 0,
                "date": "2026-10-01"
            }
        },
        {
            "type": "Feature",
            "geometry": null,
            "properties": {
                "id": "rsv550",
                "name": "อ่างเก็บน้ำ แม่นึง",
                "region": "ภาคเหนือ",
                "capacity": 0,
                "volume": 0,
                "percent_storage": 0,
                "active_storage": 0,
                "dead_storage": 0.663,
                "inflow": 0,
                "outflow": 0,
                "date": "2026-10-01"
            }
        },
        {
            "type": "Feature",
            "geometry": null,
            "properties": {
                "id": "rsv49",
                "name": "อ่างเก็บน้ำห้วยแฮต",
                "region": "ภาคเหนือ",
                "capacity": 0,
                "volume": 0,
                "percent_storage": 0,
                "active_storage": 0,
                "dead_storage": 0.54,
                "inflow": 0,
                "outflow": 0,
                "date": "2026-10-01"
            }
        },
        {
            "type": "Feature",
            "geometry": null,
            "properties": {
                "id": "rsv50",
                "name": "อ่างเก็บน้ำน้ำแหง",
                "region": "ภาคเหนือ",
                "capacity": 0,
                "volume": 0,
                "percent_storage": 0,
                "active_storage": 0,
                "dead_storage": 2.87,
                "inflow": 0,
                "outflow": 0,
                "date": "2026-10-01"
            }
        },
        {
            "type": "Feature",
            "geometry": null,
            "properties": {
                "id": "rsv51",
                "name": "อ่างเก็บน้ำน้ำพงษ์",
                "region": "ภาคเหนือ",
                "capacity": 0,
                "volume": 0,
                "percent_storage": 0,
                "active_storage": 0,
                "dead_storage": 0.37,
                "inflow": 0,
                "outflow": 0,
                "date": "2026-10-01"
            }
        },
        {
            "type": "Feature",
            "geometry": null,
            "properties": {
                "id": "rsv52",
                "name": "อ่างเก็บน้ำห้วยน้ำฮิ",
                "region": "ภาคเหนือ",
                "capacity": 0,
                "volume": 0,
                "percent_storage": 0,
                "active_storage": 0,
                "dead_storage": 0.4,
                "inflow": 0,
                "outflow": 0,
                "date": "2026-10-01"
            }
        },
        {
            "type": "Feature",
            "geometry": null,
            "properties": {
                "id": "rsv533",
                "name": "อ่างเก็บน้ำ น้ำริม",
                "region": "ภาคเหนือ",
                "capacity": 0,
                "volume": 0,
                "percent_storage": 0,
                "active_storage": 0,
                "dead_storage": 0.67,
                "inflow": 0,
                "outflow": 0,
                "date": "2026-10-01"
            }
        },
        {
            "type": "Feature",
            "geometry": null,
            "properties": {
                "id": "rsv534",
                "name": "อ่างเก็บน้ำ ห้วยชื่น",
                "region": "ภาคเหนือ",
                "capacity": 0,
                "volume": 0,
                "percent_storage": 0,
                "active_storage": 0,
                "dead_storage": 0.047,
                "inflow": 0,
                "outflow": 0,
                "date": "2026-10-01"
            }
        },
        {
            "type": "Feature",
            "geometry": null,
            "properties": {
                "id": "rsv551",
                "name": "อ่างเก็บน้ำ ห้วยสีพัน",
                "region": "ภาคเหนือ",
                "capacity": 0,
                "volume": 0,
                "percent_storage": 0,
                "active_storage": 0,
                "dead_storage": 0.2,
                "inflow": 0,
                "outflow": 0,
                "date": "2026-10-01"
            }
        },
        {
            "type": "Feature",
            "geometry": null,
            "properties": {
                "id": "rsv552",
                "name": "อ่างเก็บน้ำ ห้วยยาง",
                "region": "ภาคเหนือ",
                "capacity": 0,
                "volume": 0,
                "percent_storage": 0,
                "active_storage": 0,
                "dead_storage": 0.4,
                "inflow": 0,
                "outflow": 0,
                "date": "2026-10-01"
            }
        },
        {
            "type": "Feature",
            "geometry": null,
            "properties": {
                "id": "rsv553",
                "name": "อ่างเก็บน้ำ น้ำแก่น",
                "region": "ภาคเหนือ",
                "capacity": 0,
                "volume": 0,
                "percent_storage": 0,
                "active_storage": 0,
                "dead_storage": 0.44,
                "inflow": 0,
                "outflow": 0,
                "date": "2026-10-01"
            }
        },
        {
            "type": "Feature",
            "geometry": null,
            "properties": {
                "id": "rsv53",
                "name": "อ่างเก็บน้ำแม่ต๋ำ",
                "region": "ภาคเหนือ",
                "capacity": 41.497,
                "volume": 25.06,
                "percent_storage": 60.39,
                "active_storage": 0,
                "dead_storage": 2.5,
                "inflow": 0,
                "outflow": 0,
                "date": "2026-10-01"
            }
        },
        {
            "type": "Feature",
            "geometry": null,
            "properties": {
                "id": "rsv54",
                "name": "อ่างเก็บน้ำแม่ปืม",
                "region": "ภาคเหนือ",
                "capacity": 50.322,
                "volume": 30.319,
                "percent_storage": 60.25,
                "active_storage": 0,
                "dead_storage": 1.65,
                "inflow": 0.071,
                "outflow": 0,
                "date": "2026-10-01"
            }
        },
        {
            "type": "Feature",
            "geometry": null,
            "properties": {
                "id": "rsv480",
                "name": "อ่างเก็บน้ำแม่ใจ",
                "region": "ภาคเหนือ",
                "capacity": 3.0,
                "volume": 2.582,
                "percent_storage": 86.07,
                "active_storage": 0,
                "dead_storage": 1.1,
                "inflow": 0.002,
                "outflow": 0,
                "date": "2026-10-01"
            }
        },
        {
            "type": "Feature",
            "geometry": null,
            "properties": {
                "id": "rsv522",
                "name": "อ่างเก็บน้ำแม่จุน",
                "region": "ภาคเหนือ",
                "capacity": 9.604,
                "volume": 9.497,
                "percent_storage": 98.89,
                "active_storage": 0,
                "dead_storage": 0.0,
                "inflow": 0,
                "outflow": 0,
                "date": "2026-10-01"
            }
        },
        {
            "type": "Feature",
            "geometry": null,
            "properties": {
                "id": "rsv55",
                "name": "อ่างเก็บน้ำคลองตรอน",
                "region": "ภาคเหนือ",
                "capacity": 0,
                "volume": 0,
                "percent_storage": 0,
                "active_storage": 0,
                "dead_storage": 6.0,
                "inflow": 0,
                "outflow": 0,
                "date": "2026-10-01"
            }
        },
        {
            "type": "Feature",
            "geometry": null,
            "properties": {
                "id": "rsv450",
                "name": "อ่างเก็บน้ำห้วยแม่เฉย",
                "region": "ภาคเหนือ",
                "capacity": 0,
                "volume": 0,
                "percent_storage": 0,
                "active_storage": 0,
                "dead_storage": 0.27,
                "inflow": 0,
                "outflow": 0,
                "date": "2026-10-01"
            }
        },
        {
            "type": "Feature",
            "geometry": null,
            "properties": {
                "id": "rsv518",
                "name": "อ่างเก็บน้ำห้วยน้ำรี",
                "region": "ภาคเหนือ",
                "capacity": 0,
                "volume": 0,
                "percent_storage": 0,
                "active_storage": 0,
                "dead_storage": 5.03,
                "inflow": 0,
                "outflow": 0,
                "date": "2026-10-01"
            }
        },
        {
            "type": "Feature",
            "geometry": null,
            "properties": {
                "id": "rsv56",
                "name": "อ่างเก็บน้ำห้วยป่าบง",
                "region": "ภาคเหนือ",
                "capacity": 0,
                "volume": 0,
                "percent_storage": 0,
                "active_storage": 0,
                "dead_storage": 0.02,
                "inflow": 0,
                "outflow": 0,
                "date": "2026-10-01"
            }
        },
        {
            "type": "Feature",
            "geometry": null,
            "properties": {
                "id": "rsv57",
                "name": "อ่างเก็บน้ำคลองน้ำไหล",
                "region": "ภาคเหนือ",
                "capacity": 0,
                "volume": 0,
                "percent_storage": 0,
                "active_storage": 0,
                "dead_storage": 0.75,
                "inflow": 0,
                "outflow": 0,
                "date": "2026-10-01"
            }
        },
        {
            "type": "Feature",
            "geometry": null,
            "properties": {
                "id": "rsv511",
                "name": "อ่างเก็บน้ำคลองไพร",
                "region": "ภาคเหนือ",
                "capacity": 0,
                "volume": 0,
                "percent_storage": 0,
                "active_storage": 0,
                "dead_storage": 0.031,
                "inflow": 0,
                "outflow": 0,
                "date": "2026-10-01"
            }
        },
        {
            "type": "Feature",
            "geometry": null,
            "properties": {
                "id": "rsv554",
                "name": "อ่างเก็บน้ำ คลองน้ำขาว",
                "region": "ภาคเหนือ",
                "capacity": 0,
                "volume": 0,
                "percent_storage": 0,
                "active_storage": 0,
                "dead_storage": 0.178,
                "inflow": 0,
                "outflow": 0,
                "date": "2026-10-01"
            }
        },
        {
            "type": "Feature",
            "geometry": null,
            "properties": {
                "id": "rsv58",
                "name": "อ่างเก็บน้ำแม่มาน",
                "region": "ภาคเหนือ",
                "capacity": 0,
                "volume": 0,
                "percent_storage": 0,
                "active_storage": 0,
                "dead_storage": 4.25,
                "inflow": 0,
                "outflow": 0,
                "date": "2026-10-01"
            }
        },
        {
            "type": "Feature",
            "geometry": null,
            "properties": {
                "id": "rsv59",
                "name": "อ่างเก็บน้ำแม่สอง",
                "region": "ภาคเหนือ",
                "capacity": 0,
                "volume": 0,
                "percent_storage": 0,
                "active_storage": 0,
                "dead_storage": 6.0,
                "inflow": 0,
                "outflow": 0,
                "date": "2026-10-01"
            }
        },
        {
            "type": "Feature",
            "geometry": null,
            "properties": {
                "id": "rsv60",
                "name": "อ่างเก็บน้ำแม่ถาง",
                "region": "ภาคเหนือ",
                "capacity": 0,
                "volume": 0,
                "percent_storage": 0,
                "active_storage": 0,
                "dead_storage": 2.0,
                "inflow": 0,
                "outflow": 0,
                "date": "2026-10-01"
            }
        },
        {
            "type": "Feature",
            "geometry": null,
            "properties": {
                "id": "rsv61",
                "name": "อ่างเก็บน้ำแม่คำปอง",
                "region": "ภาคเหนือ",
                "capacity": 0,
                "volume": 0,
                "percent_storage": 0,
                "active_storage": 0,
                "dead_storage": 0.25,
                "inflow": 0,
                "outflow": 0,
                "date": "2026-10-01"
            }
        },
        {
            "type": "Feature",
            "geometry": null,
            "properties": {
                "id": "rsv464",
                "name": "อ่างเก็บน้ำแม่สาย",
                "region": "ภาคเหนือ",
                "capacity": 0,
                "volume": 0,
                "percent_storage": 0,
                "active_storage": 0,
                "dead_storage": 1.4,
                "inflow": 0,
                "outflow": 0,
                "date": "2026-10-01"
            }
        },
        {
            "type": "Feature",
            "geometry": null,
            "properties": {
                "id": "rsv62",
                "name": "อ่างเก็บน้ำคลองข้างใน",
                "region": "ภาคเหนือ",
                "capacity": 0,
                "volume": 0,
                "percent_storage": 0,
                "active_storage": 0,
                "dead_storage": 0.34,
                "inflow": 0,
                "outflow": 0,
                "date": "2026-10-01"
            }
        },
        {
            "type": "Feature",
            "geometry": null,
            "properties": {
                "id": "rsv63",
                "name": "อ่างเก็บน้ำห้วยท่าแพ",
                "region": "ภาคเหนือ",
                "capacity": 0,
                "volume": 0,
                "percent_storage": 0,
                "active_storage": 0,
                "dead_storage": 8.8,
                "inflow": 0,
                "outflow": 0,
                "date": "2026-10-01"
            }
        },
        {
            "type": "Feature",
            "geometry": null,
            "properties": {
                "id": "rsv64",
                "name": "อ่างเก็บน้ำห้วยแม่สูง",
                "region": "ภาคเหนือ",
                "capacity": 0,
                "volume": 0,
                "percent_storage": 0,
                "active_storage": 0,
                "dead_storage": 1.04,
                "inflow": 0,
                "outflow": 0,
                "date": "2026-10-01"
            }
        },
        {
            "type": "Feature",
            "geometry": null,
            "properties": {
                "id": "rsv490",
                "name": "อ่างเก็บน้ำห้วยทรวง",
                "region": "ภาคเหนือ",
                "capacity": 0,
                "volume": 0,
                "percent_storage": 0,
                "active_storage": 0,
                "dead_storage": 0.4,
                "inflow": 0,
                "outflow": 0,
                "date": "2026-10-01"
            }
        },
        {
            "type": "Feature",
            "geometry": null,
            "properties": {
                "id": "rsv494",
                "name": "อ่างเก็บน้ำแม่กองค่าย",
                "region": "ภาคเหนือ",
                "capacity": 0,
                "volume": 0,
                "percent_storage": 0,
                "active_storage": 0,
                "dead_storage": 0.58,
                "inflow": 0,
                "outflow": 0,
                "date": "2026-10-01"
            }
        },
        {
            "type": "Feature",
            "geometry": null,
            "properties": {
                "id": "rsv536",
                "name": "อ่างเก็บน้ำ ห้วยไร่",
                "region": "ภาคเหนือ",
                "capacity": 0,
                "volume": 0,
                "percent_storage": 0,
                "active_storage": 0,
                "dead_storage": 0.14,
                "inflow": 0,
                "outflow": 0,
                "date": "2026-10-01"
            }
        },
        {
            "type": "Feature",
            "geometry": null,
            "properties": {
                "id": "rsv537",
                "name": "อ่างเก็บน้ำ ห้วยแม่สำ",
                "region": "ภาคเหนือ",
                "capacity": 0,
                "volume": 0,
                "percent_storage": 0,
                "active_storage": 0,
                "dead_storage": 0.36,
                "inflow": 0,
                "outflow": 0,
                "date": "2026-10-01"
            }
        },
        {
            "type": "Feature",
            "geometry": null,
            "properties": {
                "id": "rsv65",
                "name": "อ่างเก็บน้ำห้วยแม่สอด",
                "region": "ภาคเหนือ",
                "capacity": 0,
                "volume": 0,
                "percent_storage": 0,
                "active_storage": 0,
                "dead_storage": 0.434,
                "inflow": 0,
                "outflow": 0,
                "date": "2026-10-01"
            }
        },
        {
            "type": "Feature",
            "geometry": null,
            "properties": {
                "id": "rsv66",
                "name": "อ่างเก็บน้ำห้วยลึก",
                "region": "ภาคเหนือ",
                "capacity": 0,
                "volume": 0,
                "percent_storage": 0,
                "active_storage": 0,
                "dead_storage": 0.1,
                "inflow": 0,
                "outflow": 0,
                "date": "2026-10-01"
            }
        },
        {
            "type": "Feature",
            "geometry": null,
            "properties": {
                "id": "rsv486",
                "name": "อ่างเก็บน้ำห้วยแม่ท้อ",
                "region": "ภาคเหนือ",
                "capacity": 0,
                "volume": 0,
                "percent_storage": 0,
                "active_storage": 0,
                "dead_storage": 3.5,
                "inflow": 0,
                "outflow": 0,
                "date": "2026-10-01"
            }
        },
        {
            "type": "Feature",
            "geometry": null,
            "properties": {
                "id": "rsv535",
                "name": "อ่างเก็บน้ำ แม่สอดตอนบน",
                "region": "ภาคเหนือ",
                "capacity": 0,
                "volume": 0,
                "percent_storage": 0,
                "active_storage": 0,
                "dead_storage": 0.51,
                "inflow": 0,
                "outflow": 0,
                "date": "2026-10-01"
            }
        },
        {
            "type": "Feature",
            "geometry": null,
            "properties": {
                "id": "rsv387",
                "name": "อ่างเก็บน้ำห้วยน้ำลาด",
                "region": "ภาคเหนือ",
                "capacity": 0,
                "volume": 0,
                "percent_storage": 0,
                "active_storage": 0,
                "dead_storage": 0.12,
                "inflow": 0,
                "outflow": 0,
                "date": "2026-10-01"
            }
        },
        {
            "type": "Feature",
            "geometry": null,
            "properties": {
                "id": "rsv388",
                "name": "อ่างเก็บน้ำห้วยใหญ่(ไพศาลี)",
                "region": "ภาคเหนือ",
                "capacity": 0,
                "volume": 0,
                "percent_storage": 0,
                "active_storage": 0,
                "dead_storage": 1.03,
                "inflow": 0,
                "outflow": 0,
                "date": "2026-10-01"
            }
        },
        {
            "type": "Feature",
            "geometry": null,
            "properties": {
                "id": "rsv485",
                "name": "อ่างเก็บน้ำคลองโพธิ์",
                "region": "ภาคเหนือ",
                "capacity": 0,
                "volume": 0,
                "percent_storage": 0,
                "active_storage": 0,
                "dead_storage": 6.0,
                "inflow": 0,
                "outflow": 0,
                "date": "2026-10-01"
            }
        },
        {
            "type": "Feature",
            "geometry": null,
            "properties": {
                "id": "rsv519",
                "name": "อ่างเก็บน้ำห้วยน้ำคับ",
                "region": "ภาคเหนือ",
                "capacity": 0,
                "volume": 0,
                "percent_storage": 0,
                "active_storage": 0,
                "dead_storage": 0.246,
                "inflow": 0,
                "outflow": 0,
                "date": "2026-10-01"
            }
        },
        {
            "type": "Feature",
            "geometry": null,
            "properties": {
                "id": "rsv520",
                "name": "อ่างเก็บน้ำห้วยน้ำจวง",
                "region": "ภาคเหนือ",
                "capacity": 0,
                "volume": 0,
                "percent_storage": 0,
                "active_storage": 0,
                "dead_storage": 0.11,
                "inflow": 0,
                "outflow": 0,
                "date": "2026-10-01"
            }
        },
        {
            "type": "Feature",
            "geometry": null,
            "properties": {
                "id": "rsv71",
                "name": "อ่างเก็บน้ำห้วยน้ำสวย",
                "region": "ภาคตะวันออกเฉียงเหนือ",
                "capacity": 0,
                "volume": 0,
                "percent_storage": 0,
                "active_storage": 0,
                "dead_storage": 0.945,
                "inflow": 0,
                "outflow": 0,
                "date": "2026-10-01"
            }
        },
        {
            "type": "Feature",
            "geometry": null,
            "properties": {
                "id": "rsv72",
                "name": "อ่างเก็บน้ำห้วยยาง",
                "region": "ภาคตะวันออกเฉียงเหนือ",
                "capacity": 0,
                "volume": 0,
                "percent_storage": 0,
                "active_storage": 0,
                "dead_storage": 0.72,
                "inflow": 0,
                "outflow": 0,
                "date": "2026-10-01"
            }
        },
        {
            "type": "Feature",
            "geometry": null,
            "properties": {
                "id": "rsv73",
                "name": "อ่างเก็บน้ำห้วยลิ้นควาย",
                "region": "ภาคตะวันออกเฉียงเหนือ",
                "capacity": 0,
                "volume": 0,
                "percent_storage": 0,
                "active_storage": 0,
                "dead_storage": 2.0,
                "inflow": 0,
                "outflow": 0,
                "date": "2026-10-01"
            }
        },
        {
            "type": "Feature",
            "geometry": null,
            "properties": {
                "id": "rsv74",
                "name": "อ่างเก็บน้ำห้วยอีเลิศ",
                "region": "ภาคตะวันออกเฉียงเหนือ",
                "capacity": 0,
                "volume": 0,
                "percent_storage": 0,
                "active_storage": 0,
                "dead_storage": 0.08,
                "inflow": 0,
                "outflow": 0,
                "date": "2026-10-01"
            }
        },
        {
            "type": "Feature",
            "geometry": null,
            "properties": {
                "id": "rsv75",
                "name": "อ่างเก็บน้ำห้วยน้ำพาว",
                "region": "ภาคตะวันออกเฉียงเหนือ",
                "capacity": 0,
                "volume": 0,
                "percent_storage": 0,
                "active_storage": 0,
                "dead_storage": 0.03,
                "inflow": 0,
                "outflow": 0,
                "date": "2026-10-01"
            }
        },
        {
            "type": "Feature",
            "geometry": null,
            "properties": {
                "id": "rsv76",
                "name": "อ่างเก็บน้ำห้วยน้ำหมาน",
                "region": "ภาคตะวันออกเฉียงเหนือ",
                "capacity": 0,
                "volume": 0,
                "percent_storage": 0,
                "active_storage": 0,
                "dead_storage": 1.47,
                "inflow": 0,
                "outflow": 0,
                "date": "2026-10-01"
            }
        },
        {
            "type": "Feature",
            "geometry": null,
            "properties": {
                "id": "rsv77",
                "name": "อ่างเก็บน้ำห้วยแห้ว",
                "region": "ภาคตะวันออกเฉียงเหนือ",
                "capacity": 0,
                "volume": 0,
                "percent_storage": 0,
                "active_storage": 0,
                "dead_storage": 0.188,
                "inflow": 0,
                "outflow": 0,
                "date": "2026-10-01"
            }
        },
        {
            "type": "Feature",
            "geometry": null,
            "properties": {
                "id": "rsv502",
                "name": "อ่างเก็บน้ำน้ำเลย",
                "region": "ภาคตะวันออกเฉียงเหนือ",
                "capacity": 0,
                "volume": 0,
                "percent_storage": 0,
                "active_storage": 0,
                "dead_storage": 5.858,
                "inflow": 0,
                "outflow": 0,
                "date": "2026-10-01"
            }
        },
        {
            "type": "Feature",
            "geometry": null,
            "properties": {
                "id": "rsv505",
                "name": "อ่างเก็บน้ำ ห้วยศอก",
                "region": "ภาคตะวันออกเฉียงเหนือ",
                "capacity": 0,
                "volume": 0,
                "percent_storage": 0,
                "active_storage": 0,
                "dead_storage": 0.102,
                "inflow": 0,
                "outflow": 0,
                "date": "2026-10-01"
            }
        },
        {
            "type": "Feature",
            "geometry": null,
            "properties": {
                "id": "rsv521",
                "name": "อ่างเก็บน้ำห้วยน้ำทบ",
                "region": "ภาคตะวันออกเฉียงเหนือ",
                "capacity": 0,
                "volume": 0,
                "percent_storage": 0,
                "active_storage": 0,
                "dead_storage": 0.36,
                "inflow": 0,
                "outflow": 0,
                "date": "2026-10-01"
            }
        },
        {
            "type": "Feature",
            "geometry": null,
            "properties": {
                "id": "rsv83",
                "name": "อ่างเก็บน้ำห้วยบังพวน",
                "region": "ภาคตะวันออกเฉียงเหนือ",
                "capacity": 0,
                "volume": 0,
                "percent_storage": 0,
                "active_storage": 0,
                "dead_storage": 0.4,
                "inflow": 0,
                "outflow": 0,
                "date": "2026-10-01"
            }
        },
        {
            "type": "Feature",
            "geometry": null,
            "properties": {
                "id": "rsv84",
                "name": "อ่างเก็บน้ำห้วยทอน (ตอนบน)",
                "region": "ภาคตะวันออกเฉียงเหนือ",
                "capacity": 0,
                "volume": 0,
                "percent_storage": 0,
                "active_storage": 0,
                "dead_storage": 0.64,
                "inflow": 0,
                "outflow": 0,
                "date": "2026-10-01"
            }
        },
        {
            "type": "Feature",
            "geometry": null,
            "properties": {
                "id": "rsv85",
                "name": "อ่างเก็บน้ำห้วยเปลวเงือก",
                "region": "ภาคตะวันออกเฉียงเหนือ",
                "capacity": 0,
                "volume": 0,
                "percent_storage": 0,
                "active_storage": 0,
                "dead_storage": 0.12,
                "inflow": 0,
                "outflow": 0,
                "date": "2026-10-01"
            }
        },
        {
            "type": "Feature",
            "geometry": null,
            "properties": {
                "id": "rsv88",
                "name": "อ่างเก็บน้ำห้วยหินแก้ว",
                "region": "ภาคตะวันออกเฉียงเหนือ",
                "capacity": 0,
                "volume": 0,
                "percent_storage": 0,
                "active_storage": 0,
                "dead_storage": 0.3,
                "inflow": 0,
                "outflow": 0,
                "date": "2026-10-01"
            }
        },
        {
            "type": "Feature",
            "geometry": null,
            "properties": {
                "id": "rsv512",
                "name": "อ่างเก็บน้ำห้วยไฮ",
                "region": "ภาคตะวันออกเฉียงเหนือ",
                "capacity": 0,
                "volume": 0,
                "percent_storage": 0,
                "active_storage": 0,
                "dead_storage": 0.2,
                "inflow": 0,
                "outflow": 0,
                "date": "2026-10-01"
            }
        },
        {
            "type": "Feature",
            "geometry": null,
            "properties": {
                "id": "rsv86",
                "name": "อ่างเก็บน้ำห้วยซำ",
                "region": "ภาคตะวันออกเฉียงเหนือ",
                "capacity": 2.4,
                "volume": 2.588,
                "percent_storage": 107.83,
                "active_storage": 0,
                "dead_storage": 0.87,
                "inflow": 0,
                "outflow": 0.011,
                "date": "2026-10-01"
            }
        },
        {
            "type": "Feature",
            "geometry": null,
            "properties": {
                "id": "rsv87",
                "name": "อ่างเก็บน้ำห้วยสหาย",
                "region": "ภาคตะวันออกเฉียงเหนือ",
                "capacity": 1.96,
                "volume": 2.059,
                "percent_storage": 105.05,
                "active_storage": 0,
                "dead_storage": 0.137,
                "inflow": 0,
                "outflow": 0,
                "date": "2026-10-01"
            }
        },
        {
            "type": "Feature",
            "geometry": null,
            "properties": {
                "id": "rsv91",
                "name": "อ่างเก็บน้ำภูเพ็ก",
                "region": "ภาคตะวันออกเฉียงเหนือ",
                "capacity": 2.7,
                "volume": 2.086,
                "percent_storage": 77.26,
                "active_storage": 0,
                "dead_storage": 0.175,
                "inflow": 0.007,
                "outflow": 0,
                "date": "2026-10-01"
            }
        },
        {
            "type": "Feature",
            "geometry": null,
            "properties": {
                "id": "rsv92",
                "name": "อ่างเก็บน้ำห้วยเดียก",
                "region": "ภาคตะวันออกเฉียงเหนือ",
                "capacity": 4.0,
                "volume": 3.022,
                "percent_storage": 75.55,
                "active_storage": 0,
                "dead_storage": 0.24,
                "inflow": 0,
                "outflow": 0,
                "date": "2026-10-01"
            }
        },
        {
            "type": "Feature",
            "geometry": null,
            "properties": {
                "id": "rsv93",
                "name": "อ่างเก็บน้ำห้วยโท-ห้วยยาง",
                "region": "ภาคตะวันออกเฉียงเหนือ",
                "capacity": 7.75,
                "volume": 3.958,
                "percent_storage": 51.07,
                "active_storage": 0,
                "dead_storage": 0.7,
                "inflow": 0.064,
                "outflow": 0.064,
                "date": "2026-10-01"
            }
        },
        {
            "type": "Feature",
            "geometry": null,
            "properties": {
                "id": "rsv94",
                "name": "อ่างเก็บน้ำห้วยหวด",
                "region": "ภาคตะวันออกเฉียงเหนือ",
                "capacity": 21.001,
                "volume": 16.874,
                "percent_storage": 80.35,
                "active_storage": 0,
                "dead_storage": 1.29,
                "inflow": 0.169,
                "outflow": 0.151,
                "date": "2026-10-01"
            }
        },
        {
            "type": "Feature",
            "geometry": null,
            "properties": {
                "id": "rsv95",
                "name": "อ่างเก็บน้ำห้วยโป่ง",
                "region": "ภาคตะวันออกเฉียงเหนือ",
                "capacity": 1.63,
                "volume": 1.19,
                "percent_storage": 73.01,
                "active_storage": 0,
                "dead_storage": 0.38,
                "inflow": 0.005,
                "outflow": 0,
                "date": "2026-10-01"
            }
        },
        {
            "type": "Feature",
            "geometry": null,
            "properties": {
                "id": "rsv96",
                "name": "อ่างเก็บน้ำห้วยกระเฌอ",
                "region": "ภาคตะวันออกเฉียงเหนือ",
                "capacity": 8.99,
                "volume": 7.076,
                "percent_storage": 78.71,
                "active_storage": 0,
                "dead_storage": 0.7,
                "inflow": 0,
                "outflow": 0,
                "date": "2026-10-01"
            }
        },
        {
            "type": "Feature",
            "geometry": null,
            "properties": {
                "id": "rsv97",
                "name": "อ่างเก็บน้ำห้วยโทง",
                "region": "ภาคตะวันออกเฉียงเหนือ",
                "capacity": 7.6,
                "volume": 7.6,
                "percent_storage": 100.0,
                "active_storage": 0,
                "dead_storage": 0.04,
                "inflow": 0.035,
                "outflow": 0.035,
                "date": "2026-10-01"
            }
        },
        {
            "type": "Feature",
            "geometry": null,
            "properties": {
                "id": "rsv98",
                "name": "อ่างเก็บน้ำห้วยทรายสว่าง",
                "region": "ภาคตะวันออกเฉียงเหนือ",
                "capacity": 1.1,
                "volume": 1.09,
                "percent_storage": 99.09,
                "active_storage": 0,
                "dead_storage": 0.122,
                "inflow": 0,
                "outflow": 0,
                "date": "2026-10-01"
            }
        },
        {
            "type": "Feature",
            "geometry": null,
            "properties": {
                "id": "rsv100",
                "name": "อ่างเก็บน้ำห้วยก้านเหลือง",
                "region": "ภาคตะวันออกเฉียงเหนือ",
                "capacity": 5.9,
                "volume": 4.69,
                "percent_storage": 79.49,
                "active_storage": 0,
                "dead_storage": 0.52,
                "inflow": 0,
                "outflow": 0,
                "date": "2026-10-01"
            }
        },
        {
            "type": "Feature",
            "geometry": null,
            "properties": {
                "id": "rsv101",
                "name": "อ่างเก็บน้ำห้วยขี้หิน",
                "region": "ภาคตะวันออกเฉียงเหนือ",
                "capacity": 4.0,
                "volume": 3.125,
                "percent_storage": 78.13,
                "active_storage": 0,
                "dead_storage": 0.55,
                "inflow": 0,
                "outflow": 0,
                "date": "2026-10-01"
            }
        },
        {
            "type": "Feature",
            "geometry": null,
            "properties": {
                "id": "rsv103",
                "name": "อ่างเก็บน้ำห้วยคำ",
                "region": "ภาคตะวันออกเฉียงเหนือ",
                "capacity": 6.5,
                "volume": 6.42,
                "percent_storage": 98.77,
                "active_storage": 0,
                "dead_storage": 0.4,
                "inflow": 0.032,
                "outflow": 0.032,
                "date": "2026-10-01"
            }
        },
        {
            "type": "Feature",
            "geometry": null,
            "properties": {
                "id": "rsv104",
                "name": "อ่างเก็บน้ำห้วยซวง",
                "region": "ภาคตะวันออกเฉียงเหนือ",
                "capacity": 6.0,
                "volume": 5.932,
                "percent_storage": 98.87,
                "active_storage": 0,
                "dead_storage": 0.4,
                "inflow": 0.029,
                "outflow": 0.029,
                "date": "2026-10-01"
            }
        },
        {
            "type": "Feature",
            "geometry": null,
            "properties": {
                "id": "rsv105",
                "name": "อ่างเก็บน้ำห้วยรังแร้ง",
                "region": "ภาคตะวันออกเฉียงเหนือ",
                "capacity": 2.2,
                "volume": 2.193,
                "percent_storage": 99.68,
                "active_storage": 0,
                "dead_storage": 0.2,
                "inflow": 0.028,
                "outflow": 0.028,
                "date": "2026-10-01"
            }
        },
        {
            "type": "Feature",
            "geometry": null,
            "properties": {
                "id": "rsv106",
                "name": "อ่างเก็บน้ำห้วยหินแตก",
                "region": "ภาคตะวันออกเฉียงเหนือ",
                "capacity": 1.5,
                "volume": 1.076,
                "percent_storage": 71.73,
                "active_storage": 0,
                "dead_storage": 0.15,
                "inflow": 0,
                "outflow": 0,
                "date": "2026-10-01"
            }
        },
        {
            "type": "Feature",
            "geometry": null,
            "properties": {
                "id": "rsv107",
                "name": "อ่างเก็บน้ำห้วยน้ำบ่อ",
                "region": "ภาคตะวันออกเฉียงเหนือ",
                "capacity": 2.209,
                "volume": 2.197,
                "percent_storage": 99.46,
                "active_storage": 0,
                "dead_storage": 0.15,
                "inflow": 0,
                "outflow": 0,
                "date": "2026-10-01"
            }
        },
        {
            "type": "Feature",
            "geometry": null,
            "properties": {
                "id": "rsv108",
                "name": "อ่างเก็บน้ำห้วยแข้",
                "region": "ภาคตะวันออกเฉียงเหนือ",
                "capacity": 3.8,
                "volume": 2.425,
                "percent_storage": 63.82,
                "active_storage": 0,
                "dead_storage": 0.225,
                "inflow": 0,
                "outflow": 0,
                "date": "2026-10-01"
            }
        },
        {
            "type": "Feature",
            "geometry": null,
            "properties": {
                "id": "rsv109",
                "name": "อ่างเก็บน้ำห้วยนาอ่าง",
                "region": "ภาคตะวันออกเฉียงเหนือ",
                "capacity": 1.82,
                "volume": 0.859,
                "percent_storage": 47.2,
                "active_storage": 0,
                "dead_storage": 0.161,
                "inflow": 0,
                "outflow": 0,
                "date": "2026-10-01"
            }
        },
        {
            "type": "Feature",
            "geometry": null,
            "properties": {
                "id": "rsv110",
                "name": "อ่างเก็บน้ำห้วยซับคำโรงสี",
                "region": "ภาคตะวันออกเฉียงเหนือ",
                "capacity": 2.0,
                "volume": 1.97,
                "percent_storage": 98.5,
                "active_storage": 0,
                "dead_storage": 0.5,
                "inflow": 0.02,
                "outflow": 0.028,
                "date": "2026-10-01"
            }
        },
        {
            "type": "Feature",
            "geometry": null,
            "properties": {
                "id": "rsv111",
                "name": "อ่างเก็บน้ำบ้านดงมะไฟ",
                "region": "ภาคตะวันออกเฉียงเหนือ",
                "capacity": 1.0,
                "volume": 0.992,
                "percent_storage": 99.2,
                "active_storage": 0,
                "dead_storage": 0.1,
                "inflow": 0.025,
                "outflow": 0.027,
                "date": "2026-10-01"
            }
        },
        {
            "type": "Feature",
            "geometry": null,
            "properties": {
                "id": "rsv112",
                "name": "อ่างเก็บน้ำห้วยทราย",
                "region": "ภาคตะวันออกเฉียงเหนือ",
                "capacity": 1.5,
                "volume": 0.845,
                "percent_storage": 56.33,
                "active_storage": 0,
                "dead_storage": 0.003,
                "inflow": 0,
                "outflow": 0,
                "date": "2026-10-01"
            }
        },
        {
            "type": "Feature",
            "geometry": null,
            "properties": {
                "id": "rsv113",
                "name": "อ่างเก็บน้ำห้วยทรายขมิ้น",
                "region": "ภาคตะวันออกเฉียงเหนือ",
                "capacity": 3.18,
                "volume": 2.911,
                "percent_storage": 91.54,
                "active_storage": 0,
                "dead_storage": 0.242,
                "inflow": 0,
                "outflow": 0,
                "date": "2026-10-01"
            }
        },
        {
            "type": "Feature",
            "geometry": null,
            "properties": {
                "id": "rsv114",
                "name": "อ่างเก็บน้ำห้วยคำบากน้อย",
                "region": "ภาคตะวันออกเฉียงเหนือ",
                "capacity": 4.0,
                "volume": 3.986,
                "percent_storage": 99.65,
                "active_storage": 0,
                "dead_storage": 0.495,
                "inflow": 0,
                "outflow": 0,
                "date": "2026-10-01"
            }
        },
        {
            "type": "Feature",
            "geometry": null,
            "properties": {
                "id": "rsv117",
                "name": "อ่างเก็บน้ำห้วยหินชะแนนใหญ่",
                "region": "ภาคตะวันออกเฉียงเหนือ",
                "capacity": 12.5,
                "volume": 9.97,
                "percent_storage": 79.76,
                "active_storage": 0,
                "dead_storage": 0.17,
                "inflow": 0,
                "outflow": 0,
                "date": "2026-10-01"
            }
        },
        {
            "type": "Feature",
            "geometry": null,
            "properties": {
                "id": "rsv118",
                "name": "อ่างเก็บน้ำห้วยคำผักหนาม",
                "region": "ภาคตะวันออกเฉียงเหนือ",
                "capacity": 2.91,
                "volume": 2.82,
                "percent_storage": 96.91,
                "active_storage": 0,
                "dead_storage": 0.44,
                "inflow": 0.03,
                "outflow": 0.03,
                "date": "2026-10-01"
            }
        },
        {
            "type": "Feature",
            "geometry": null,
            "properties": {
                "id": "rsv128",
                "name": "อ่างเก็บน้ำโคกภูใหม่ 2",
                "region": "ภาคตะวันออกเฉียงเหนือ",
                "capacity": 1.0,
                "volume": 0.798,
                "percent_storage": 79.8,
                "active_storage": 0,
                "dead_storage": 0.12,
                "inflow": 0,
                "outflow": 0,
                "date": "2026-10-01"
            }
        },
        {
            "type": "Feature",
            "geometry": null,
            "properties": {
                "id": "rsv131",
                "name": "อ่างเก็บน้ำห้วยเคลิ้ม",
                "region": "ภาคตะวันออกเฉียงเหนือ",
                "capacity": 1.5,
                "volume": 0.7,
                "percent_storage": 46.67,
                "active_storage": 0,
                "dead_storage": 0.11,
                "inflow": 0,
                "outflow": 0,
                "date": "2026-10-01"
            }
        },
        {
            "type": "Feature",
            "geometry": null,
            "properties": {
                "id": "rsv132",
                "name": "อ่างเก็บน้ำห้วยเรือ",
                "region": "ภาคตะวันออกเฉียงเหนือ",
                "capacity": 2.9,
                "volume": 1.372,
                "percent_storage": 47.31,
                "active_storage": 0,
                "dead_storage": 0.15,
                "inflow": 0,
                "outflow": 0,
                "date": "2026-10-01"
            }
        },
        {
            "type": "Feature",
            "geometry": null,
            "properties": {
                "id": "rsv133",
                "name": "อ่างเก็บน้ำห้วยอ่าง",
                "region": "ภาคตะวันออกเฉียงเหนือ",
                "capacity": 1.5,
                "volume": 0.661,
                "percent_storage": 44.07,
                "active_storage": 0,
                "dead_storage": 0.12,
                "inflow": 0,
                "outflow": 0,
                "date": "2026-10-01"
            }
        },
        {
            "type": "Feature",
            "geometry": null,
            "properties": {
                "id": "rsv134",
                "name": "อ่างเก็บน้ำห้วยทรายตอนบน 1",
                "region": "ภาคตะวันออกเฉียงเหนือ",
                "capacity": 2.1,
                "volume": 1.762,
                "percent_storage": 83.9,
                "active_storage": 0,
                "dead_storage": 0.27,
                "inflow": 0,
                "outflow": 0,
                "date": "2026-10-01"
            }
        },
        {
            "type": "Feature",
            "geometry": null,
            "properties": {
                "id": "rsv135",
                "name": "อ่างเก็บน้ำห้วยทราย",
                "region": "ภาคตะวันออกเฉียงเหนือ",
                "capacity": 2.288,
                "volume": 2.12,
                "percent_storage": 92.66,
                "active_storage": 0,
                "dead_storage": 0.25,
                "inflow": 0,
                "outflow": 0,
                "date": "2026-10-01"
            }
        },
        {
            "type": "Feature",
            "geometry": null,
            "properties": {
                "id": "rsv136",
                "name": "อ่างเก็บน้ำห้วยสามพาด",
                "region": "ภาคตะวันออกเฉียงเหนือ",
                "capacity": 18.5,
                "volume": 18.5,
                "percent_storage": 100.0,
                "active_storage": 0,
                "dead_storage": 0.885,
                "inflow": 0.026,
                "outflow": 0,
                "date": "2026-10-01"
            }
        },
        {
            "type": "Feature",
            "geometry": null,
            "properties": {
                "id": "rsv137",
                "name": "อ่างเก็บน้ำบ้านจั่น",
                "region": "ภาคตะวันออกเฉียงเหนือ",
                "capacity": 4.35,
                "volume": 4.283,
                "percent_storage": 98.46,
                "active_storage": 0,
                "dead_storage": 0.0,
                "inflow": 0.018,
                "outflow": 0,
                "date": "2026-10-01"
            }
        },
        {
            "type": "Feature",
            "geometry": null,
            "properties": {
                "id": "rsv138",
                "name": "อ่างเก็บน้ำกุดลิงง้อ",
                "region": "ภาคตะวันออกเฉียงเหนือ",
                "capacity": 6.44,
                "volume": 6.45,
                "percent_storage": 100.16,
                "active_storage": 0,
                "dead_storage": 0.225,
                "inflow": 0.025,
                "outflow": 0.011,
                "date": "2026-10-01"
            }
        },
        {
            "type": "Feature",
            "geometry": null,
            "properties": {
                "id": "rsv139",
                "name": "อ่างเก็บน้ำหนองสำโรง",
                "region": "ภาคตะวันออกเฉียงเหนือ",
                "capacity": 11.4,
                "volume": 11.473,
                "percent_storage": 100.64,
                "active_storage": 0,
                "dead_storage": 8.206,
                "inflow": 0.094,
                "outflow": 0.012,
                "date": "2026-10-01"
            }
        },
        {
            "type": "Feature",
            "geometry": null,
            "properties": {
                "id": "rsv140",
                "name": "อ่างเก็บน้ำหนองปะโค",
                "region": "ภาคตะวันออกเฉียงเหนือ",
                "capacity": 3.077,
                "volume": 2.504,
                "percent_storage": 81.38,
                "active_storage": 0,
                "dead_storage": 1.0,
                "inflow": 0.009,
                "outflow": 0,
                "date": "2026-10-01"
            }
        },
        {
            "type": "Feature",
            "geometry": null,
            "properties": {
                "id": "rsv465",
                "name": "อ่างเก็บน้ำลำพันชาด",
                "region": "ภาคตะวันออกเฉียงเหนือ",
                "capacity": 0,
                "volume": 0,
                "percent_storage": 0,
                "active_storage": 0,
                "dead_storage": 5.882,
                "inflow": 0,
                "outflow": 0,
                "date": "2026-10-01"
            }
        },
        {
            "type": "Feature",
            "geometry": null,
            "properties": {
                "id": "rsv466",
                "name": "อ่างเก็บน้ำลำพันชาดน้อย",
                "region": "ภาคตะวันออกเฉียงเหนือ",
                "capacity": 0,
                "volume": 0,
                "percent_storage": 0,
                "active_storage": 0,
                "dead_storage": 0.14,
                "inflow": 0,
                "outflow": 0,
                "date": "2026-10-01"
            }
        },
        {
            "type": "Feature",
            "geometry": null,
            "properties": {
                "id": "rsv513",
                "name": "อ่างเก็บน้ำห้วยตะคลองใหญ่",
                "region": "ภาคตะวันออกเฉียงเหนือ",
                "capacity": 0,
                "volume": 0,
                "percent_storage": 0,
                "active_storage": 0,
                "dead_storage": 0.3,
                "inflow": 0,
                "outflow": 0,
                "date": "2026-10-01"
            }
        },
        {
            "type": "Feature",
            "geometry": null,
            "properties": {
                "id": "rsv514",
                "name": "อ่างเก็บน้ำห้วยน้ำม้า",
                "region": "ภาคตะวันออกเฉียงเหนือ",
                "capacity": 0,
                "volume": 0,
                "percent_storage": 0,
                "active_storage": 0,
                "dead_storage": 0.28,
                "inflow": 0,
                "outflow": 0,
                "date": "2026-10-01"
            }
        },
        {
            "type": "Feature",
            "geometry": null,
            "properties": {
                "id": "rsv149",
                "name": "อ่างเก็บน้ำห้วยเหล่ายาง",
                "region": "ภาคตะวันออกเฉียงเหนือ",
                "capacity": 2.469,
                "volume": 2.214,
                "percent_storage": 89.67,
                "active_storage": 0,
                "dead_storage": 0.12,
                "inflow": 0.005,
                "outflow": 0.005,
                "date": "2026-10-01"
            }
        },
        {
            "type": "Feature",
            "geometry": null,
            "properties": {
                "id": "rsv501",
                "name": "อ่างเก็บน้ำห้วยน้ำบอง",
                "region": "ภาคตะวันออกเฉียงเหนือ",
                "capacity": 20.8,
                "volume": 20.8,
                "percent_storage": 100.0,
                "active_storage": 0,
                "dead_storage": 2.18,
                "inflow": 0.111,
                "outflow": 0.093,
                "date": "2026-10-01"
            }
        },
        {
            "type": "Feature",
            "geometry": null,
            "properties": {
                "id": "rsv150",
                "name": "อ่างเก็บน้ำห้วยส้มป่อย",
                "region": "ภาคตะวันออกเฉียงเหนือ",
                "capacity": 0,
                "volume": 0,
                "percent_storage": 0,
                "active_storage": 0,
                "dead_storage": 0.6,
                "inflow": 0,
                "outflow": 0,
                "date": "2026-10-01"
            }
        },
        {
            "type": "Feature",
            "geometry": null,
            "properties": {
                "id": "rsv151",
                "name": "อ่างเก็บน้ำลำช่อระกา",
                "region": "ภาคตะวันออกเฉียงเหนือ",
                "capacity": 0,
                "volume": 0,
                "percent_storage": 0,
                "active_storage": 0,
                "dead_storage": 1.033,
                "inflow": 0,
                "outflow": 0,
                "date": "2026-10-01"
            }
        },
        {
            "type": "Feature",
            "geometry": null,
            "properties": {
                "id": "rsv152",
                "name": "อ่างเก็บน้ำน้ำพรม",
                "region": "ภาคตะวันออกเฉียงเหนือ",
                "capacity": 0,
                "volume": 0,
                "percent_storage": 0,
                "active_storage": 0,
                "dead_storage": 0.51,
                "inflow": 0,
                "outflow": 0,
                "date": "2026-10-01"
            }
        },
        {
            "type": "Feature",
            "geometry": null,
            "properties": {
                "id": "rsv153",
                "name": "อ่างเก็บน้ำลำคันฉู",
                "region": "ภาคตะวันออกเฉียงเหนือ",
                "capacity": 0,
                "volume": 0,
                "percent_storage": 0,
                "active_storage": 0,
                "dead_storage": 3.3,
                "inflow": 0,
                "outflow": 0,
                "date": "2026-10-01"
            }
        },
        {
            "type": "Feature",
            "geometry": null,
            "properties": {
                "id": "rsv154",
                "name": "อ่างเก็บน้ำบ้านเพชร",
                "region": "ภาคตะวันออกเฉียงเหนือ",
                "capacity": 0,
                "volume": 0,
                "percent_storage": 0,
                "active_storage": 0,
                "dead_storage": 3.0,
                "inflow": 0,
                "outflow": 0,
                "date": "2026-10-01"
            }
        },
        {
            "type": "Feature",
            "geometry": null,
            "properties": {
                "id": "rsv155",
                "name": "อ่างเก็บน้ำห้วยทราย",
                "region": "ภาคตะวันออกเฉียงเหนือ",
                "capacity": 0,
                "volume": 0,
                "percent_storage": 0,
                "active_storage": 0,
                "dead_storage": 1.5,
                "inflow": 0,
                "outflow": 0,
                "date": "2026-10-01"
            }
        },
        {
            "type": "Feature",
            "geometry": null,
            "properties": {
                "id": "rsv539",
                "name": "อ่างเก็บน้ำ โปร่งขุนเพชร",
                "region": "ภาคตะวันออกเฉียงเหนือ",
                "capacity": 0,
                "volume": 0,
                "percent_storage": 0,
                "active_storage": 0,
                "dead_storage": 1.04,
                "inflow": 0,
                "outflow": 0,
                "date": "2026-10-01"
            }
        },
        {
            "type": "Feature",
            "geometry": null,
            "properties": {
                "id": "rsv544",
                "name": "อ่างเก็บน้ำ บึงระเหว",
                "region": "ภาคตะวันออกเฉียงเหนือ",
                "capacity": 0,
                "volume": 0,
                "percent_storage": 0,
                "active_storage": 0,
                "dead_storage": 0.5,
                "inflow": 0,
                "outflow": 0,
                "date": "2026-10-01"
            }
        },
        {
            "type": "Feature",
            "geometry": null,
            "properties": {
                "id": "rsv545",
                "name": "อ่างเก็บน้ำ บึงละหาน",
                "region": "ภาคตะวันออกเฉียงเหนือ",
                "capacity": 0,
                "volume": 0,
                "percent_storage": 0,
                "active_storage": 0,
                "dead_storage": 7.5,
                "inflow": 0,
                "outflow": 0,
                "date": "2026-10-01"
            }
        },
        {
            "type": "Feature",
            "geometry": null,
            "properties": {
                "id": "rsv548",
                "name": "อ่างเก็บน้ำ พระอาจารย์จื่อ (ลำกระจวน)",
                "region": "ภาคตะวันออกเฉียงเหนือ",
                "capacity": 0,
                "volume": 0,
                "percent_storage": 0,
                "active_storage": 0,
                "dead_storage": 0.43,
                "inflow": 0,
                "outflow": 0,
                "date": "2026-10-01"
            }
        },
        {
            "type": "Feature",
            "geometry": null,
            "properties": {
                "id": "rsv159",
                "name": "อ่างเก็บน้ำห้วยแกง",
                "region": "ภาคตะวันออกเฉียงเหนือ",
                "capacity": 0,
                "volume": 0,
                "percent_storage": 0,
                "active_storage": 0,
                "dead_storage": 0.65,
                "inflow": 0,
                "outflow": 0,
                "date": "2026-10-01"
            }
        },
        {
            "type": "Feature",
            "geometry": null,
            "properties": {
                "id": "rsv160",
                "name": "อ่างเก็บน้ำห้วยสะทด",
                "region": "ภาคตะวันออกเฉียงเหนือ",
                "capacity": 0,
                "volume": 0,
                "percent_storage": 0,
                "active_storage": 0,
                "dead_storage": 0.5,
                "inflow": 0,
                "outflow": 0,
                "date": "2026-10-01"
            }
        },
        {
            "type": "Feature",
            "geometry": null,
            "properties": {
                "id": "rsv161",
                "name": "อ่างเก็บน้ำบึงอร่าม",
                "region": "ภาคตะวันออกเฉียงเหนือ",
                "capacity": 0,
                "volume": 0,
                "percent_storage": 0,
                "active_storage": 0,
                "dead_storage": 0.285,
                "inflow": 0,
                "outflow": 0,
                "date": "2026-10-01"
            }
        },
        {
            "type": "Feature",
            "geometry": null,
            "properties": {
                "id": "rsv162",
                "name": "อ่างเก็บน้ำหนองหญ้าม้า",
                "region": "ภาคตะวันออกเฉียงเหนือ",
                "capacity": 0,
                "volume": 0,
                "percent_storage": 0,
                "active_storage": 0,
                "dead_storage": 0.3,
                "inflow": 0,
                "outflow": 0,
                "date": "2026-10-01"
            }
        },
        {
            "type": "Feature",
            "geometry": null,
            "properties": {
                "id": "rsv163",
                "name": "อ่างเก็บน้ำห้วยวังลิ้นฟ้า",
                "region": "ภาคตะวันออกเฉียงเหนือ",
                "capacity": 0,
                "volume": 0,
                "percent_storage": 0,
                "active_storage": 0,
                "dead_storage": 0.17,
                "inflow": 0,
                "outflow": 0,
                "date": "2026-10-01"
            }
        },
        {
            "type": "Feature",
            "geometry": null,
            "properties": {
                "id": "rsv164",
                "name": "อ่างเก็บน้ำห้วยสังเคียบ",
                "region": "ภาคตะวันออกเฉียงเหนือ",
                "capacity": 0,
                "volume": 0,
                "percent_storage": 0,
                "active_storage": 0,
                "dead_storage": 0.529,
                "inflow": 0,
                "outflow": 0,
                "date": "2026-10-01"
            }
        },
        {
            "type": "Feature",
            "geometry": null,
            "properties": {
                "id": "rsv165",
                "name": "อ่างเก็บน้ำลำพะยัง (ตอนบน)",
                "region": "ภาคตะวันออกเฉียงเหนือ",
                "capacity": 0,
                "volume": 0,
                "percent_storage": 0,
                "active_storage": 0,
                "dead_storage": 0.15,
                "inflow": 0,
                "outflow": 0,
                "date": "2026-10-01"
            }
        },
        {
            "type": "Feature",
            "geometry": null,
            "properties": {
                "id": "rsv166",
                "name": "อ่างเก็บน้ำห้วยสีทน",
                "region": "ภาคตะวันออกเฉียงเหนือ",
                "capacity": 0,
                "volume": 0,
                "percent_storage": 0,
                "active_storage": 0,
                "dead_storage": 0.09,
                "inflow": 0,
                "outflow": 0,
                "date": "2026-10-01"
            }
        },
        {
            "type": "Feature",
            "geometry": null,
            "properties": {
                "id": "rsv167",
                "name": "อ่างเก็บน้ำห้วยโพธิ์",
                "region": "ภาคตะวันออกเฉียงเหนือ",
                "capacity": 0,
                "volume": 0,
                "percent_storage": 0,
                "active_storage": 0,
                "dead_storage": 0.23,
                "inflow": 0,
                "outflow": 0,
                "date": "2026-10-01"
            }
        },
        {
            "type": "Feature",
            "geometry": null,
            "properties": {
                "id": "rsv168",
                "name": "อ่างเก็บน้ำห้วยมะโน",
                "region": "ภาคตะวันออกเฉียงเหนือ",
                "capacity": 0,
                "volume": 0,
                "percent_storage": 0,
                "active_storage": 0,
                "dead_storage": 0.6,
                "inflow": 0,
                "outflow": 0,
                "date": "2026-10-01"
            }
        },
        {
            "type": "Feature",
            "geometry": null,
            "properties": {
                "id": "rsv169",
                "name": "อ่างเก็บน้ำห้วยผึ้ง",
                "region": "ภาคตะวันออกเฉียงเหนือ",
                "capacity": 0,
                "volume": 0,
                "percent_storage": 0,
                "active_storage": 0,
                "dead_storage": 0.24,
                "inflow": 0,
                "outflow": 0,
                "date": "2026-10-01"
            }
        },
        {
            "type": "Feature",
            "geometry": null,
            "properties": {
                "id": "rsv170",
                "name": "อ่างเก็บน้ำห้วยฝา",
                "region": "ภาคตะวันออกเฉียงเหนือ",
                "capacity": 0,
                "volume": 0,
                "percent_storage": 0,
                "active_storage": 0,
                "dead_storage": 0.7,
                "inflow": 0,
                "outflow": 0,
                "date": "2026-10-01"
            }
        },
        {
            "type": "Feature",
            "geometry": null,
            "properties": {
                "id": "rsv171",
                "name": "อ่างเก็บน้ำห้วยจุมจัง",
                "region": "ภาคตะวันออกเฉียงเหนือ",
                "capacity": 0,
                "volume": 0,
                "percent_storage": 0,
                "active_storage": 0,
                "dead_storage": 0.667,
                "inflow": 0,
                "outflow": 0,
                "date": "2026-10-01"
            }
        },
        {
            "type": "Feature",
            "geometry": null,
            "properties": {
                "id": "rsv540",
                "name": "อ่างเก็บน้ำ ห้วยสมอทบ",
                "region": "ภาคตะวันออกเฉียงเหนือ",
                "capacity": 0,
                "volume": 0,
                "percent_storage": 0,
                "active_storage": 0,
                "dead_storage": 0.3,
                "inflow": 0,
                "outflow": 0,
                "date": "2026-10-01"
            }
        },
        {
            "type": "Feature",
            "geometry": null,
            "properties": {
                "id": "rsv177",
                "name": "อ่างเก็บน้ำแก่งละว้า",
                "region": "ภาคตะวันออกเฉียงเหนือ",
                "capacity": 0,
                "volume": 0,
                "percent_storage": 0,
                "active_storage": 0,
                "dead_storage": 1.3,
                "inflow": 0,
                "outflow": 0,
                "date": "2026-10-01"
            }
        },
        {
            "type": "Feature",
            "geometry": null,
            "properties": {
                "id": "rsv178",
                "name": "อ่างเก็บน้ำห้วยยาง",
                "region": "ภาคตะวันออกเฉียงเหนือ",
                "capacity": 0,
                "volume": 0,
                "percent_storage": 0,
                "active_storage": 0,
                "dead_storage": 0.53,
                "inflow": 0,
                "outflow": 0,
                "date": "2026-10-01"
            }
        },
        {
            "type": "Feature",
            "geometry": null,
            "properties": {
                "id": "rsv179",
                "name": "อ่างเก็บน้ำหนองนาวัว",
                "region": "ภาคตะวันออกเฉียงเหนือ",
                "capacity": 0,
                "volume": 0,
                "percent_storage": 0,
                "active_storage": 0,
                "dead_storage": 0.207,
                "inflow": 0,
                "outflow": 0,
                "date": "2026-10-01"
            }
        },
        {
            "type": "Feature",
            "geometry": null,
            "properties": {
                "id": "rsv180",
                "name": "อ่างเก็บน้ำห้วยทราย",
                "region": "ภาคตะวันออกเฉียงเหนือ",
                "capacity": 0,
                "volume": 0,
                "percent_storage": 0,
                "active_storage": 0,
                "dead_storage": 0.23,
                "inflow": 0,
                "outflow": 0,
                "date": "2026-10-01"
            }
        },
        {
            "type": "Feature",
            "geometry": null,
            "properties": {
                "id": "rsv181",
                "name": "อ่างเก็บน้ำหนองกรองแก้ว",
                "region": "ภาคตะวันออกเฉียงเหนือ",
                "capacity": 0,
                "volume": 0,
                "percent_storage": 0,
                "active_storage": 0,
                "dead_storage": 4.31,
                "inflow": 0,
                "outflow": 0,
                "date": "2026-10-01"
            }
        },
        {
            "type": "Feature",
            "geometry": null,
            "properties": {
                "id": "rsv182",
                "name": "อ่างเก็บน้ำห้วยใหญ่",
                "region": "ภาคตะวันออกเฉียงเหนือ",
                "capacity": 0,
                "volume": 0,
                "percent_storage": 0,
                "active_storage": 0,
                "dead_storage": 0.37,
                "inflow": 0,
                "outflow": 0,
                "date": "2026-10-01"
            }
        },
        {
            "type": "Feature",
            "geometry": null,
            "properties": {
                "id": "rsv183",
                "name": "อ่างเก็บน้ำละเลิงหวาย",
                "region": "ภาคตะวันออกเฉียงเหนือ",
                "capacity": 0,
                "volume": 0,
                "percent_storage": 0,
                "active_storage": 0,
                "dead_storage": 0.03,
                "inflow": 0,
                "outflow": 0,
                "date": "2026-10-01"
            }
        },
        {
            "type": "Feature",
            "geometry": null,
            "properties": {
                "id": "rsv184",
                "name": "อ่างเก็บน้ำห้วยเตย",
                "region": "ภาคตะวันออกเฉียงเหนือ",
                "capacity": 0,
                "volume": 0,
                "percent_storage": 0,
                "active_storage": 0,
                "dead_storage": 0.03,
                "inflow": 0,
                "outflow": 0,
                "date": "2026-10-01"
            }
        },
        {
            "type": "Feature",
            "geometry": null,
            "properties": {
                "id": "rsv185",
                "name": "อ่างเก็บน้ำห้วยลอมไผ่",
                "region": "ภาคตะวันออกเฉียงเหนือ",
                "capacity": 0,
                "volume": 0,
                "percent_storage": 0,
                "active_storage": 0,
                "dead_storage": 0.26,
                "inflow": 0,
                "outflow": 0,
                "date": "2026-10-01"
            }
        },
        {
            "type": "Feature",
            "geometry": null,
            "properties": {
                "id": "rsv188",
                "name": "อ่างเก็บน้ำโสกรวก",
                "region": "ภาคตะวันออกเฉียงเหนือ",
                "capacity": 0,
                "volume": 0,
                "percent_storage": 0,
                "active_storage": 0,
                "dead_storage": 0.177,
                "inflow": 0,
                "outflow": 0,
                "date": "2026-10-01"
            }
        },
        {
            "type": "Feature",
            "geometry": null,
            "properties": {
                "id": "rsv546",
                "name": "อ่างเก็บน้ำ บึงละหานนา",
                "region": "ภาคตะวันออกเฉียงเหนือ",
                "capacity": 0,
                "volume": 0,
                "percent_storage": 0,
                "active_storage": 0,
                "dead_storage": 0.934,
                "inflow": 0,
                "outflow": 0,
                "date": "2026-10-01"
            }
        },
        {
            "type": "Feature",
            "geometry": null,
            "properties": {
                "id": "rsv190",
                "name": "อ่างเก็บน้ำแก่งเลิงจาน",
                "region": "ภาคตะวันออกเฉียงเหนือ",
                "capacity": 0,
                "volume": 0,
                "percent_storage": 0,
                "active_storage": 0,
                "dead_storage": 2.275,
                "inflow": 0,
                "outflow": 0,
                "date": "2026-10-01"
            }
        },
        {
            "type": "Feature",
            "geometry": null,
            "properties": {
                "id": "rsv191",
                "name": "อ่างเก็บน้ำห้วยขอนสัก",
                "region": "ภาคตะวันออกเฉียงเหนือ",
                "capacity": 0,
                "volume": 0,
                "percent_storage": 0,
                "active_storage": 0,
                "dead_storage": 1.08,
                "inflow": 0,
                "outflow": 0,
                "date": "2026-10-01"
            }
        },
        {
            "type": "Feature",
            "geometry": null,
            "properties": {
                "id": "rsv192",
                "name": "อ่างเก็บน้ำหนองเทวราช",
                "region": "ภาคตะวันออกเฉียงเหนือ",
                "capacity": 0,
                "volume": 0,
                "percent_storage": 0,
                "active_storage": 0,
                "dead_storage": 0.278,
                "inflow": 0,
                "outflow": 0,
                "date": "2026-10-01"
            }
        },
        {
            "type": "Feature",
            "geometry": null,
            "properties": {
                "id": "rsv193",
                "name": "อ่างเก็บน้ำหนองบัว",
                "region": "ภาคตะวันออกเฉียงเหนือ",
                "capacity": 0,
                "volume": 0,
                "percent_storage": 0,
                "active_storage": 0,
                "dead_storage": 0.492,
                "inflow": 0,
                "outflow": 0,
                "date": "2026-10-01"
            }
        },
        {
            "type": "Feature",
            "geometry": null,
            "properties": {
                "id": "rsv194",
                "name": "อ่างเก็บน้ำร่องหัวช้าง",
                "region": "ภาคตะวันออกเฉียงเหนือ",
                "capacity": 0,
                "volume": 0,
                "percent_storage": 0,
                "active_storage": 0,
                "dead_storage": 0.759,
                "inflow": 0,
                "outflow": 0,
                "date": "2026-10-01"
            }
        },
        {
            "type": "Feature",
            "geometry": null,
            "properties": {
                "id": "rsv195",
                "name": "อ่างเก็บน้ำห้วยประดู่",
                "region": "ภาคตะวันออกเฉียงเหนือ",
                "capacity": 0,
                "volume": 0,
                "percent_storage": 0,
                "active_storage": 0,
                "dead_storage": 0.04,
                "inflow": 0,
                "outflow": 0,
                "date": "2026-10-01"
            }
        },
        {
            "type": "Feature",
            "geometry": null,
            "properties": {
                "id": "rsv196",
                "name": "อ่างเก็บน้ำห้วยคะคาง",
                "region": "ภาคตะวันออกเฉียงเหนือ",
                "capacity": 0,
                "volume": 0,
                "percent_storage": 0,
                "active_storage": 0,
                "dead_storage": 0.334,
                "inflow": 0,
                "outflow": 0,
                "date": "2026-10-01"
            }
        },
        {
            "type": "Feature",
            "geometry": null,
            "properties": {
                "id": "rsv197",
                "name": "อ่างเก็บน้ำหนองกระทุ่ม",
                "region": "ภาคตะวันออกเฉียงเหนือ",
                "capacity": 0,
                "volume": 0,
                "percent_storage": 0,
                "active_storage": 0,
                "dead_storage": 0.075,
                "inflow": 0,
                "outflow": 0,
                "date": "2026-10-01"
            }
        },
        {
            "type": "Feature",
            "geometry": null,
            "properties": {
                "id": "rsv198",
                "name": "อ่างเก็บน้ำหนองแกดำ",
                "region": "ภาคตะวันออกเฉียงเหนือ",
                "capacity": 0,
                "volume": 0,
                "percent_storage": 0,
                "active_storage": 0,
                "dead_storage": 0.12,
                "inflow": 0,
                "outflow": 0,
                "date": "2026-10-01"
            }
        },
        {
            "type": "Feature",
            "geometry": null,
            "properties": {
                "id": "rsv199",
                "name": "อ่างเก็บน้ำห้วยค้อ",
                "region": "ภาคตะวันออกเฉียงเหนือ",
                "capacity": 0,
                "volume": 0,
                "percent_storage": 0,
                "active_storage": 0,
                "dead_storage": 3.193,
                "inflow": 0,
                "outflow": 0,
                "date": "2026-10-01"
            }
        },
        {
            "type": "Feature",
            "geometry": null,
            "properties": {
                "id": "rsv201",
                "name": "อ่างฯ อ่างเก็บน้ำหนองบ่อ",
                "region": "ภาคตะวันออกเฉียงเหนือ",
                "capacity": 0,
                "volume": 0,
                "percent_storage": 0,
                "active_storage": 0,
                "dead_storage": 0.191,
                "inflow": 0,
                "outflow": 0,
                "date": "2026-10-01"
            }
        },
        {
            "type": "Feature",
            "geometry": null,
            "properties": {
                "id": "rsv202",
                "name": "อ่างเก็บน้ำห้วยเชียงคำ",
                "region": "ภาคตะวันออกเฉียงเหนือ",
                "capacity": 0,
                "volume": 0,
                "percent_storage": 0,
                "active_storage": 0,
                "dead_storage": 0.679,
                "inflow": 0,
                "outflow": 0,
                "date": "2026-10-01"
            }
        },
        {
            "type": "Feature",
            "geometry": null,
            "properties": {
                "id": "rsv203",
                "name": "อ่างเก็บน้ำห้วยจอกขวาง",
                "region": "ภาคตะวันออกเฉียงเหนือ",
                "capacity": 0,
                "volume": 0,
                "percent_storage": 0,
                "active_storage": 0,
                "dead_storage": 0.139,
                "inflow": 0,
                "outflow": 0,
                "date": "2026-10-01"
            }
        },
        {
            "type": "Feature",
            "geometry": null,
            "properties": {
                "id": "rsv204",
                "name": "อ่างเก็บน้ำหนองไฮ",
                "region": "ภาคตะวันออกเฉียงเหนือ",
                "capacity": 0,
                "volume": 0,
                "percent_storage": 0,
                "active_storage": 0,
                "dead_storage": 0.167,
                "inflow": 0,
                "outflow": 0,
                "date": "2026-10-01"
            }
        },
        {
            "type": "Feature",
            "geometry": null,
            "properties": {
                "id": "rsv207",
                "name": "อ่างเก็บน้ำห้วยแอ่ง",
                "region": "ภาคตะวันออกเฉียงเหนือ",
                "capacity": 0,
                "volume": 0,
                "percent_storage": 0,
                "active_storage": 0,
                "dead_storage": 0.4,
                "inflow": 0,
                "outflow": 0,
                "date": "2026-10-01"
            }
        },
        {
            "type": "Feature",
            "geometry": null,
            "properties": {
                "id": "rsv208",
                "name": "อ่างเก็บน้ำหนองหญ้าม้า",
                "region": "ภาคตะวันออกเฉียงเหนือ",
                "capacity": 0,
                "volume": 0,
                "percent_storage": 0,
                "active_storage": 0,
                "dead_storage": 0.091,
                "inflow": 0,
                "outflow": 0,
                "date": "2026-10-01"
            }
        },
        {
            "type": "Feature",
            "geometry": null,
            "properties": {
                "id": "rsv209",
                "name": "อ่างเก็บน้ำธวัชชัย",
                "region": "ภาคตะวันออกเฉียงเหนือ",
                "capacity": 0,
                "volume": 0,
                "percent_storage": 0,
                "active_storage": 0,
                "dead_storage": 0.11,
                "inflow": 0,
                "outflow": 0,
                "date": "2026-10-01"
            }
        },
        {
            "type": "Feature",
            "geometry": null,
            "properties": {
                "id": "rsv210",
                "name": "อ่างเก็บน้ำห้วยแล้ง",
                "region": "ภาคตะวันออกเฉียงเหนือ",
                "capacity": 0,
                "volume": 0,
                "percent_storage": 0,
                "active_storage": 0,
                "dead_storage": 0.185,
                "inflow": 0,
                "outflow": 0,
                "date": "2026-10-01"
            }
        },
        {
            "type": "Feature",
            "geometry": null,
            "properties": {
                "id": "rsv211",
                "name": "อ่างเก็บน้ำห้วยวังนอง",
                "region": "ภาคตะวันออกเฉียงเหนือ",
                "capacity": 0,
                "volume": 0,
                "percent_storage": 0,
                "active_storage": 0,
                "dead_storage": 0.314,
                "inflow": 0,
                "outflow": 0,
                "date": "2026-10-01"
            }
        },
        {
            "type": "Feature",
            "geometry": null,
            "properties": {
                "id": "rsv212",
                "name": "อ่างเก็บน้ำห้วยกุดแคน",
                "region": "ภาคตะวันออกเฉียงเหนือ",
                "capacity": 0,
                "volume": 0,
                "percent_storage": 0,
                "active_storage": 0,
                "dead_storage": 0.223,
                "inflow": 0,
                "outflow": 0,
                "date": "2026-10-01"
            }
        },
        {
            "type": "Feature",
            "geometry": null,
            "properties": {
                "id": "rsv213",
                "name": "อ่างเก็บน้ำห้วยกุดแดง",
                "region": "ภาคตะวันออกเฉียงเหนือ",
                "capacity": 0,
                "volume": 0,
                "percent_storage": 0,
                "active_storage": 0,
                "dead_storage": 0.268,
                "inflow": 0,
                "outflow": 0,
                "date": "2026-10-01"
            }
        },
        {
            "type": "Feature",
            "geometry": null,
            "properties": {
                "id": "rsv214",
                "name": "อ่างเก็บน้ำห้วยจานใต้",
                "region": "ภาคตะวันออกเฉียงเหนือ",
                "capacity": 0,
                "volume": 0,
                "percent_storage": 0,
                "active_storage": 0,
                "dead_storage": 0.56,
                "inflow": 0,
                "outflow": 0,
                "date": "2026-10-01"
            }
        },
        {
            "type": "Feature",
            "geometry": null,
            "properties": {
                "id": "rsv215",
                "name": "อ่างเก็บน้ำหนองผือ",
                "region": "ภาคตะวันออกเฉียงเหนือ",
                "capacity": 0,
                "volume": 0,
                "percent_storage": 0,
                "active_storage": 0,
                "dead_storage": 1.204,
                "inflow": 0,
                "outflow": 0,
                "date": "2026-10-01"
            }
        },
        {
            "type": "Feature",
            "geometry": null,
            "properties": {
                "id": "rsv217",
                "name": "อ่างเก็บน้ำห้วยพุงใหญ่",
                "region": "ภาคตะวันออกเฉียงเหนือ",
                "capacity": 0,
                "volume": 0,
                "percent_storage": 0,
                "active_storage": 0,
                "dead_storage": 0.45,
                "inflow": 0,
                "outflow": 0,
                "date": "2026-10-01"
            }
        },
        {
            "type": "Feature",
            "geometry": null,
            "properties": {
                "id": "rsv218",
                "name": "อ่างเก็บน้ำห้วยหินชะแนน",
                "region": "ภาคตะวันออกเฉียงเหนือ",
                "capacity": 0,
                "volume": 0,
                "percent_storage": 0,
                "active_storage": 0,
                "dead_storage": 0.125,
                "inflow": 0,
                "outflow": 0,
                "date": "2026-10-01"
            }
        },
        {
            "type": "Feature",
            "geometry": null,
            "properties": {
                "id": "rsv219",
                "name": "อ่างเก็บน้ำห้วยผักดอก",
                "region": "ภาคตะวันออกเฉียงเหนือ",
                "capacity": 0,
                "volume": 0,
                "percent_storage": 0,
                "active_storage": 0,
                "dead_storage": 0.3,
                "inflow": 0,
                "outflow": 0,
                "date": "2026-10-01"
            }
        },
        {
            "type": "Feature",
            "geometry": null,
            "properties": {
                "id": "rsv220",
                "name": "อ่างเก็บน้ำห้วยก้านเหลือง",
                "region": "ภาคตะวันออกเฉียงเหนือ",
                "capacity": 0,
                "volume": 0,
                "percent_storage": 0,
                "active_storage": 0,
                "dead_storage": 0.72,
                "inflow": 0,
                "outflow": 0,
                "date": "2026-10-01"
            }
        },
        {
            "type": "Feature",
            "geometry": null,
            "properties": {
                "id": "rsv221",
                "name": "อ่างเก็บน้ำห้วยศรีคุณ",
                "region": "ภาคตะวันออกเฉียงเหนือ",
                "capacity": 0,
                "volume": 0,
                "percent_storage": 0,
                "active_storage": 0,
                "dead_storage": 0.023,
                "inflow": 0,
                "outflow": 0,
                "date": "2026-10-01"
            }
        },
        {
            "type": "Feature",
            "geometry": null,
            "properties": {
                "id": "rsv222",
                "name": "อ่างเก็บน้ำบ้านดงน้อย",
                "region": "ภาคตะวันออกเฉียงเหนือ",
                "capacity": 0,
                "volume": 0,
                "percent_storage": 0,
                "active_storage": 0,
                "dead_storage": 0.25,
                "inflow": 0,
                "outflow": 0,
                "date": "2026-10-01"
            }
        },
        {
            "type": "Feature",
            "geometry": null,
            "properties": {
                "id": "rsv223",
                "name": "อ่างเก็บน้ำห้วยแคน",
                "region": "ภาคตะวันออกเฉียงเหนือ",
                "capacity": 0,
                "volume": 0,
                "percent_storage": 0,
                "active_storage": 0,
                "dead_storage": 0.55,
                "inflow": 0,
                "outflow": 0,
                "date": "2026-10-01"
            }
        },
        {
            "type": "Feature",
            "geometry": null,
            "properties": {
                "id": "rsv224",
                "name": "อ่างเก็บน้ำห้วยส้มโฮง",
                "region": "ภาคตะวันออกเฉียงเหนือ",
                "capacity": 0,
                "volume": 0,
                "percent_storage": 0,
                "active_storage": 0,
                "dead_storage": 0.02,
                "inflow": 0,
                "outflow": 0,
                "date": "2026-10-01"
            }
        },
        {
            "type": "Feature",
            "geometry": null,
            "properties": {
                "id": "rsv225",
                "name": "อ่างเก็บน้ำบุ่งหมากโมง",
                "region": "ภาคตะวันออกเฉียงเหนือ",
                "capacity": 0,
                "volume": 0,
                "percent_storage": 0,
                "active_storage": 0,
                "dead_storage": 0.42,
                "inflow": 0,
                "outflow": 0,
                "date": "2026-10-01"
            }
        },
        {
            "type": "Feature",
            "geometry": null,
            "properties": {
                "id": "rsv226",
                "name": "อ่างเก็บน้ำห้วยนางออ",
                "region": "ภาคตะวันออกเฉียงเหนือ",
                "capacity": 0,
                "volume": 0,
                "percent_storage": 0,
                "active_storage": 0,
                "dead_storage": 0.45,
                "inflow": 0,
                "outflow": 0,
                "date": "2026-10-01"
            }
        },
        {
            "type": "Feature",
            "geometry": null,
            "properties": {
                "id": "rsv227",
                "name": "อ่างเก็บน้ำห้วยกกคูณ",
                "region": "ภาคตะวันออกเฉียงเหนือ",
                "capacity": 0,
                "volume": 0,
                "percent_storage": 0,
                "active_storage": 0,
                "dead_storage": 0.08,
                "inflow": 0,
                "outflow": 0,
                "date": "2026-10-01"
            }
        },
        {
            "type": "Feature",
            "geometry": null,
            "properties": {
                "id": "rsv228",
                "name": "อ่างเก็บน้ำห้วยกะเบา",
                "region": "ภาคตะวันออกเฉียงเหนือ",
                "capacity": 0,
                "volume": 0,
                "percent_storage": 0,
                "active_storage": 0,
                "dead_storage": 0.4,
                "inflow": 0,
                "outflow": 0,
                "date": "2026-10-01"
            }
        },
        {
            "type": "Feature",
            "geometry": null,
            "properties": {
                "id": "rsv229",
                "name": "อ่างเก็บน้ำห้วยวังม่วง",
                "region": "ภาคตะวันออกเฉียงเหนือ",
                "capacity": 0,
                "volume": 0,
                "percent_storage": 0,
                "active_storage": 0,
                "dead_storage": 0.03,
                "inflow": 0,
                "outflow": 0,
                "date": "2026-10-01"
            }
        },
        {
            "type": "Feature",
            "geometry": null,
            "properties": {
                "id": "rsv515",
                "name": "อ่างเก็บน้ำห้วยอ้วน",
                "region": "ภาคตะวันออกเฉียงเหนือ",
                "capacity": 0,
                "volume": 0,
                "percent_storage": 0,
                "active_storage": 0,
                "dead_storage": 2.1,
                "inflow": 0,
                "outflow": 0,
                "date": "2026-10-01"
            }
        },
        {
            "type": "Feature",
            "geometry": null,
            "properties": {
                "id": "rsv235",
                "name": "อ่างเก็บน้ำห้วยขี้เหล็ก",
                "region": "ภาคตะวันออกเฉียงเหนือ",
                "capacity": 0,
                "volume": 0,
                "percent_storage": 0,
                "active_storage": 0,
                "dead_storage": 2.0,
                "inflow": 0,
                "outflow": 0,
                "date": "2026-10-01"
            }
        },
        {
            "type": "Feature",
            "geometry": null,
            "properties": {
                "id": "rsv236",
                "name": "อ่างเก็บน้ำห้วยชะโนด",
                "region": "ภาคตะวันออกเฉียงเหนือ",
                "capacity": 0,
                "volume": 0,
                "percent_storage": 0,
                "active_storage": 0,
                "dead_storage": 0.65,
                "inflow": 0,
                "outflow": 0,
                "date": "2026-10-01"
            }
        },
        {
            "type": "Feature",
            "geometry": null,
            "properties": {
                "id": "rsv237",
                "name": "อ่างเก็บน้ำห้วยมุก",
                "region": "ภาคตะวันออกเฉียงเหนือ",
                "capacity": 0,
                "volume": 0,
                "percent_storage": 0,
                "active_storage": 0,
                "dead_storage": 0.2,
                "inflow": 0,
                "outflow": 0,
                "date": "2026-10-01"
            }
        },
        {
            "type": "Feature",
            "geometry": null,
            "properties": {
                "id": "rsv238",
                "name": "อ่างเก็บน้ำห้วยหินลับ",
                "region": "ภาคตะวันออกเฉียงเหนือ",
                "capacity": 0,
                "volume": 0,
                "percent_storage": 0,
                "active_storage": 0,
                "dead_storage": 0.6,
                "inflow": 0,
                "outflow": 0,
                "date": "2026-10-01"
            }
        },
        {
            "type": "Feature",
            "geometry": null,
            "properties": {
                "id": "rsv239",
                "name": "อ่างเก็บน้ำห้วยไร่",
                "region": "ภาคตะวันออกเฉียงเหนือ",
                "capacity": 0,
                "volume": 0,
                "percent_storage": 0,
                "active_storage": 0,
                "dead_storage": 0.11,
                "inflow": 0,
                "outflow": 0,
                "date": "2026-10-01"
            }
        },
        {
            "type": "Feature",
            "geometry": null,
            "properties": {
                "id": "rsv240",
                "name": "อ่างเก็บน้ำห้วยไผ่",
                "region": "ภาคตะวันออกเฉียงเหนือ",
                "capacity": 0,
                "volume": 0,
                "percent_storage": 0,
                "active_storage": 0,
                "dead_storage": 0.8,
                "inflow": 0,
                "outflow": 0,
                "date": "2026-10-01"
            }
        },
        {
            "type": "Feature",
            "geometry": null,
            "properties": {
                "id": "rsv241",
                "name": "อ่างเก็บน้ำห้วยพุ (ห้วยแข้)",
                "region": "ภาคตะวันออกเฉียงเหนือ",
                "capacity": 0,
                "volume": 0,
                "percent_storage": 0,
                "active_storage": 0,
                "dead_storage": 0.7,
                "inflow": 0,
                "outflow": 0,
                "date": "2026-10-01"
            }
        },
        {
            "type": "Feature",
            "geometry": null,
            "properties": {
                "id": "rsv242",
                "name": "อ่างเก็บน้ำห้วยพุง",
                "region": "ภาคตะวันออกเฉียงเหนือ",
                "capacity": 0,
                "volume": 0,
                "percent_storage": 0,
                "active_storage": 0,
                "dead_storage": 0.85,
                "inflow": 0,
                "outflow": 0,
                "date": "2026-10-01"
            }
        },
        {
            "type": "Feature",
            "geometry": null,
            "properties": {
                "id": "rsv243",
                "name": "อ่างเก็บน้ำห้วยทา",
                "region": "ภาคตะวันออกเฉียงเหนือ",
                "capacity": 0,
                "volume": 0,
                "percent_storage": 0,
                "active_storage": 0,
                "dead_storage": 0.53,
                "inflow": 0,
                "outflow": 0,
                "date": "2026-10-01"
            }
        },
        {
            "type": "Feature",
            "geometry": null,
            "properties": {
                "id": "rsv244",
                "name": "อ่างเก็บน้ำห้วยหอย",
                "region": "ภาคตะวันออกเฉียงเหนือ",
                "capacity": 0,
                "volume": 0,
                "percent_storage": 0,
                "active_storage": 0,
                "dead_storage": 0.3,
                "inflow": 0,
                "outflow": 0,
                "date": "2026-10-01"
            }
        },
        {
            "type": "Feature",
            "geometry": null,
            "properties": {
                "id": "rsv245",
                "name": "อ่างเก็บน้ำห้วยขี้เหล็ก (ตอนบน)",
                "region": "ภาคตะวันออกเฉียงเหนือ",
                "capacity": 0,
                "volume": 0,
                "percent_storage": 0,
                "active_storage": 0,
                "dead_storage": 0.15,
                "inflow": 0,
                "outflow": 0,
                "date": "2026-10-01"
            }
        },
        {
            "type": "Feature",
            "geometry": null,
            "properties": {
                "id": "rsv247",
                "name": "อ่างเก็บน้ำห้วยไร่ 2",
                "region": "ภาคตะวันออกเฉียงเหนือ",
                "capacity": 0,
                "volume": 0,
                "percent_storage": 0,
                "active_storage": 0,
                "dead_storage": 0.3,
                "inflow": 0,
                "outflow": 0,
                "date": "2026-10-01"
            }
        },
        {
            "type": "Feature",
            "geometry": null,
            "properties": {
                "id": "rsv455",
                "name": "อ่างเก็บน้ำห้วยแคน",
                "region": "ภาคตะวันออกเฉียงเหนือ",
                "capacity": 0,
                "volume": 0,
                "percent_storage": 0,
                "active_storage": 0,
                "dead_storage": 0.09,
                "inflow": 0,
                "outflow": 0,
                "date": "2026-10-01"
            }
        },
        {
            "type": "Feature",
            "geometry": null,
            "properties": {
                "id": "rsv456",
                "name": "อ่างเก็บน้ำห้วยหมากไฟ",
                "region": "ภาคตะวันออกเฉียงเหนือ",
                "capacity": 0,
                "volume": 0,
                "percent_storage": 0,
                "active_storage": 0,
                "dead_storage": 0.3,
                "inflow": 0,
                "outflow": 0,
                "date": "2026-10-01"
            }
        },
        {
            "type": "Feature",
            "geometry": null,
            "properties": {
                "id": "rsv458",
                "name": "อ่างเก็บน้ำห้วยขาหน้า",
                "region": "ภาคตะวันออกเฉียงเหนือ",
                "capacity": 0,
                "volume": 0,
                "percent_storage": 0,
                "active_storage": 0,
                "dead_storage": 0.37,
                "inflow": 0,
                "outflow": 0,
                "date": "2026-10-01"
            }
        },
        {
            "type": "Feature",
            "geometry": null,
            "properties": {
                "id": "rsv460",
                "name": "อ่างเก็บน้ำห้วยถ้ำไม้ดู่",
                "region": "ภาคตะวันออกเฉียงเหนือ",
                "capacity": 0,
                "volume": 0,
                "percent_storage": 0,
                "active_storage": 0,
                "dead_storage": 0.24,
                "inflow": 0,
                "outflow": 0,
                "date": "2026-10-01"
            }
        },
        {
            "type": "Feature",
            "geometry": null,
            "properties": {
                "id": "rsv468",
                "name": "อ่างเก็บน้ำห้วยหินลาด",
                "region": "ภาคตะวันออกเฉียงเหนือ",
                "capacity": 0,
                "volume": 0,
                "percent_storage": 0,
                "active_storage": 0,
                "dead_storage": 0.4,
                "inflow": 0,
                "outflow": 0,
                "date": "2026-10-01"
            }
        },
        {
            "type": "Feature",
            "geometry": null,
            "properties": {
                "id": "rsv504",
                "name": "อ่างเก็บน้ำห้วยคันแทใหญ่",
                "region": "ภาคตะวันออกเฉียงเหนือ",
                "capacity": 0,
                "volume": 0,
                "percent_storage": 0,
                "active_storage": 0,
                "dead_storage": 0.0,
                "inflow": 0,
                "outflow": 0,
                "date": "2026-10-01"
            }
        },
        {
            "type": "Feature",
            "geometry": null,
            "properties": {
                "id": "rsv248",
                "name": "อ่างเก็บน้ำห้วยถ้ำแข้",
                "region": "ภาคตะวันออกเฉียงเหนือ",
                "capacity": 0,
                "volume": 0,
                "percent_storage": 0,
                "active_storage": 0,
                "dead_storage": 0.85,
                "inflow": 0,
                "outflow": 0,
                "date": "2026-10-01"
            }
        },
        {
            "type": "Feature",
            "geometry": null,
            "properties": {
                "id": "rsv249",
                "name": "อ่างเก็บน้ำห้วยพลาญเสือ (ตอนล่าง)",
                "region": "ภาคตะวันออกเฉียงเหนือ",
                "capacity": 0,
                "volume": 0,
                "percent_storage": 0,
                "active_storage": 0,
                "dead_storage": 1.12,
                "inflow": 0,
                "outflow": 0,
                "date": "2026-10-01"
            }
        },
        {
            "type": "Feature",
            "geometry": null,
            "properties": {
                "id": "rsv250",
                "name": "อ่างเก็บน้ำห้วยจันลา",
                "region": "ภาคตะวันออกเฉียงเหนือ",
                "capacity": 0,
                "volume": 0,
                "percent_storage": 0,
                "active_storage": 0,
                "dead_storage": 0.6,
                "inflow": 0,
                "outflow": 0,
                "date": "2026-10-01"
            }
        },
        {
            "type": "Feature",
            "geometry": null,
            "properties": {
                "id": "rsv251",
                "name": "อ่างเก็บน้ำห้วยวังใหญ่",
                "region": "ภาคตะวันออกเฉียงเหนือ",
                "capacity": 0,
                "volume": 0,
                "percent_storage": 0,
                "active_storage": 0,
                "dead_storage": 0.8,
                "inflow": 0,
                "outflow": 0,
                "date": "2026-10-01"
            }
        },
        {
            "type": "Feature",
            "geometry": null,
            "properties": {
                "id": "rsv252",
                "name": "อ่างเก็บน้ำห้วยเดือนห้า",
                "region": "ภาคตะวันออกเฉียงเหนือ",
                "capacity": 0,
                "volume": 0,
                "percent_storage": 0,
                "active_storage": 0,
                "dead_storage": 1.846,
                "inflow": 0,
                "outflow": 0,
                "date": "2026-10-01"
            }
        },
        {
            "type": "Feature",
            "geometry": null,
            "properties": {
                "id": "rsv253",
                "name": "อ่างเก็บน้ำห้วยสะพงน้อย",
                "region": "ภาคตะวันออกเฉียงเหนือ",
                "capacity": 0,
                "volume": 0,
                "percent_storage": 0,
                "active_storage": 0,
                "dead_storage": 1.6,
                "inflow": 0,
                "outflow": 0,
                "date": "2026-10-01"
            }
        },
        {
            "type": "Feature",
            "geometry": null,
            "properties": {
                "id": "rsv254",
                "name": "อ่างเก็บน้ำสระสมิง",
                "region": "ภาคตะวันออกเฉียงเหนือ",
                "capacity": 0,
                "volume": 0,
                "percent_storage": 0,
                "active_storage": 0,
                "dead_storage": 0.3,
                "inflow": 0,
                "outflow": 0,
                "date": "2026-10-01"
            }
        },
        {
            "type": "Feature",
            "geometry": null,
            "properties": {
                "id": "rsv255",
                "name": "อ่างเก็บน้ำหนองเหล่าหิน",
                "region": "ภาคตะวันออกเฉียงเหนือ",
                "capacity": 0,
                "volume": 0,
                "percent_storage": 0,
                "active_storage": 0,
                "dead_storage": 0.362,
                "inflow": 0,
                "outflow": 0,
                "date": "2026-10-01"
            }
        },
        {
            "type": "Feature",
            "geometry": null,
            "properties": {
                "id": "rsv256",
                "name": "อ่างเก็บน้ำหนองช้างใหญ่",
                "region": "ภาคตะวันออกเฉียงเหนือ",
                "capacity": 0,
                "volume": 0,
                "percent_storage": 0,
                "active_storage": 0,
                "dead_storage": 0.041,
                "inflow": 0,
                "outflow": 0,
                "date": "2026-10-01"
            }
        },
        {
            "type": "Feature",
            "geometry": null,
            "properties": {
                "id": "rsv258",
                "name": "อ่างเก็บน้ำห้วยโดน",
                "region": "ภาคตะวันออกเฉียงเหนือ",
                "capacity": 0,
                "volume": 0,
                "percent_storage": 0,
                "active_storage": 0,
                "dead_storage": 0.55,
                "inflow": 0,
                "outflow": 0,
                "date": "2026-10-01"
            }
        },
        {
            "type": "Feature",
            "geometry": null,
            "properties": {
                "id": "rsv451",
                "name": "อ่างเก็บน้ำห้วยละมืด",
                "region": "ภาคตะวันออกเฉียงเหนือ",
                "capacity": 0,
                "volume": 0,
                "percent_storage": 0,
                "active_storage": 0,
                "dead_storage": 0.1,
                "inflow": 0,
                "outflow": 0,
                "date": "2026-10-01"
            }
        },
        {
            "type": "Feature",
            "geometry": null,
            "properties": {
                "id": "rsv452",
                "name": "อ่างเก็บน้ำห้วยหินกอง",
                "region": "ภาคตะวันออกเฉียงเหนือ",
                "capacity": 0,
                "volume": 0,
                "percent_storage": 0,
                "active_storage": 0,
                "dead_storage": 1.7,
                "inflow": 0,
                "outflow": 0,
                "date": "2026-10-01"
            }
        },
        {
            "type": "Feature",
            "geometry": null,
            "properties": {
                "id": "rsv524",
                "name": "อ่างเก็บน้ำห้วยพลาญเสือ (ตอนบน)",
                "region": "ภาคตะวันออกเฉียงเหนือ",
                "capacity": 0,
                "volume": 0,
                "percent_storage": 0,
                "active_storage": 0,
                "dead_storage": 0.8,
                "inflow": 0,
                "outflow": 0,
                "date": "2026-10-01"
            }
        },
        {
            "type": "Feature",
            "geometry": null,
            "properties": {
                "id": "rsv259",
                "name": "อ่างเก็บน้ำห้วยลิงโจน",
                "region": "ภาคตะวันออกเฉียงเหนือ",
                "capacity": 0,
                "volume": 0,
                "percent_storage": 0,
                "active_storage": 0,
                "dead_storage": 0.4,
                "inflow": 0,
                "outflow": 0,
                "date": "2026-10-01"
            }
        },
        {
            "type": "Feature",
            "geometry": null,
            "properties": {
                "id": "rsv260",
                "name": "อ่างเก็บน้ำห้วยสะแบก",
                "region": "ภาคตะวันออกเฉียงเหนือ",
                "capacity": 0,
                "volume": 0,
                "percent_storage": 0,
                "active_storage": 0,
                "dead_storage": 0.6,
                "inflow": 0,
                "outflow": 0,
                "date": "2026-10-01"
            }
        },
        {
            "type": "Feature",
            "geometry": null,
            "properties": {
                "id": "rsv453",
                "name": "อ่างเก็บน้ำห้วยโพง (ตอนบน)",
                "region": "ภาคตะวันออกเฉียงเหนือ",
                "capacity": 0,
                "volume": 0,
                "percent_storage": 0,
                "active_storage": 0,
                "dead_storage": 1.0,
                "inflow": 0,
                "outflow": 0,
                "date": "2026-10-01"
            }
        },
        {
            "type": "Feature",
            "geometry": null,
            "properties": {
                "id": "rsv261",
                "name": "อ่างเก็บน้ำพุทธอุทธยาน",
                "region": "ภาคตะวันออกเฉียงเหนือ",
                "capacity": 0,
                "volume": 0,
                "percent_storage": 0,
                "active_storage": 0,
                "dead_storage": 0.891,
                "inflow": 0,
                "outflow": 0,
                "date": "2026-10-01"
            }
        },
        {
            "type": "Feature",
            "geometry": null,
            "properties": {
                "id": "rsv262",
                "name": "อ่างเก็บน้ำห้วยโพธิ์ (ตอนบน)",
                "region": "ภาคตะวันออกเฉียงเหนือ",
                "capacity": 0,
                "volume": 0,
                "percent_storage": 0,
                "active_storage": 0,
                "dead_storage": 0.544,
                "inflow": 0,
                "outflow": 0,
                "date": "2026-10-01"
            }
        },
        {
            "type": "Feature",
            "geometry": null,
            "properties": {
                "id": "rsv263",
                "name": "อ่างเก็บน้ำห้วยสีโท",
                "region": "ภาคตะวันออกเฉียงเหนือ",
                "capacity": 0,
                "volume": 0,
                "percent_storage": 0,
                "active_storage": 0,
                "dead_storage": 0.4,
                "inflow": 0,
                "outflow": 0,
                "date": "2026-10-01"
            }
        },
        {
            "type": "Feature",
            "geometry": null,
            "properties": {
                "id": "rsv265",
                "name": "อ่างเก็บน้ำลำตะโคง",
                "region": "ภาคตะวันออกเฉียงเหนือ",
                "capacity": 0,
                "volume": 0,
                "percent_storage": 0,
                "active_storage": 0,
                "dead_storage": 0.308,
                "inflow": 0,
                "outflow": 0,
                "date": "2026-10-01"
            }
        },
        {
            "type": "Feature",
            "geometry": null,
            "properties": {
                "id": "rsv266",
                "name": "อ่างเก็บน้ำห้วยยาง",
                "region": "ภาคตะวันออกเฉียงเหนือ",
                "capacity": 0,
                "volume": 0,
                "percent_storage": 0,
                "active_storage": 0,
                "dead_storage": 1.45,
                "inflow": 0,
                "outflow": 0,
                "date": "2026-10-01"
            }
        },
        {
            "type": "Feature",
            "geometry": null,
            "properties": {
                "id": "rsv267",
                "name": "อ่างเก็บน้ำห้วยตาเขียว",
                "region": "ภาคตะวันออกเฉียงเหนือ",
                "capacity": 0,
                "volume": 0,
                "percent_storage": 0,
                "active_storage": 0,
                "dead_storage": 0.29,
                "inflow": 0,
                "outflow": 0,
                "date": "2026-10-01"
            }
        },
        {
            "type": "Feature",
            "geometry": null,
            "properties": {
                "id": "rsv268",
                "name": "อ่างเก็บน้ำห้วยสวาย",
                "region": "ภาคตะวันออกเฉียงเหนือ",
                "capacity": 0,
                "volume": 0,
                "percent_storage": 0,
                "active_storage": 0,
                "dead_storage": 0.97,
                "inflow": 0,
                "outflow": 0,
                "date": "2026-10-01"
            }
        },
        {
            "type": "Feature",
            "geometry": null,
            "properties": {
                "id": "rsv269",
                "name": "อ่างเก็บน้ำห้วยตลาด",
                "region": "ภาคตะวันออกเฉียงเหนือ",
                "capacity": 0,
                "volume": 0,
                "percent_storage": 0,
                "active_storage": 0,
                "dead_storage": 2.93,
                "inflow": 0,
                "outflow": 0,
                "date": "2026-10-01"
            }
        },
        {
            "type": "Feature",
            "geometry": null,
            "properties": {
                "id": "rsv270",
                "name": "อ่างเก็บน้ำห้วยจระเข้มาก",
                "region": "ภาคตะวันออกเฉียงเหนือ",
                "capacity": 0,
                "volume": 0,
                "percent_storage": 0,
                "active_storage": 0,
                "dead_storage": 1.61,
                "inflow": 0,
                "outflow": 0,
                "date": "2026-10-01"
            }
        },
        {
            "type": "Feature",
            "geometry": null,
            "properties": {
                "id": "rsv271",
                "name": "อ่างเก็บน้ำห้วยเมฆา",
                "region": "ภาคตะวันออกเฉียงเหนือ",
                "capacity": 0,
                "volume": 0,
                "percent_storage": 0,
                "active_storage": 0,
                "dead_storage": 0.1,
                "inflow": 0,
                "outflow": 0,
                "date": "2026-10-01"
            }
        },
        {
            "type": "Feature",
            "geometry": null,
            "properties": {
                "id": "rsv272",
                "name": "อ่างเก็บน้ำคลองมะนาว",
                "region": "ภาคตะวันออกเฉียงเหนือ",
                "capacity": 2.848,
                "volume": 3.286,
                "percent_storage": 115.38,
                "active_storage": 0,
                "dead_storage": 0.444,
                "inflow": 0.087,
                "outflow": 0.111,
                "date": "2026-10-01"
            }
        },
        {
            "type": "Feature",
            "geometry": null,
            "properties": {
                "id": "rsv273",
                "name": "อ่างเก็บน้ำหนองทะลอก",
                "region": "ภาคตะวันออกเฉียงเหนือ",
                "capacity": 0,
                "volume": 0,
                "percent_storage": 0,
                "active_storage": 0,
                "dead_storage": 0.1,
                "inflow": 0,
                "outflow": 0,
                "date": "2026-10-01"
            }
        },
        {
            "type": "Feature",
            "geometry": null,
            "properties": {
                "id": "rsv274",
                "name": "อ่างเก็บน้ำห้วยขี้หนู",
                "region": "ภาคตะวันออกเฉียงเหนือ",
                "capacity": 0,
                "volume": 0,
                "percent_storage": 0,
                "active_storage": 0,
                "dead_storage": 0.03,
                "inflow": 0,
                "outflow": 0,
                "date": "2026-10-01"
            }
        },
        {
            "type": "Feature",
            "geometry": null,
            "properties": {
                "id": "rsv275",
                "name": "อ่างเก็บน้ำห้วยน้อย",
                "region": "ภาคตะวันออกเฉียงเหนือ",
                "capacity": 0,
                "volume": 0,
                "percent_storage": 0,
                "active_storage": 0,
                "dead_storage": 0.2,
                "inflow": 0,
                "outflow": 0,
                "date": "2026-10-01"
            }
        },
        {
            "type": "Feature",
            "geometry": null,
            "properties": {
                "id": "rsv276",
                "name": "อ่างเก็บน้ำห้วยใหญ่",
                "region": "ภาคตะวันออกเฉียงเหนือ",
                "capacity": 0,
                "volume": 0,
                "percent_storage": 0,
                "active_storage": 0,
                "dead_storage": 0.14,
                "inflow": 0,
                "outflow": 0,
                "date": "2026-10-01"
            }
        },
        {
            "type": "Feature",
            "geometry": null,
            "properties": {
                "id": "rsv277",
                "name": "อ่างเก็บน้ำลำปะเทีย",
                "region": "ภาคตะวันออกเฉียงเหนือ",
                "capacity": 25.401,
                "volume": 20.331,
                "percent_storage": 80.04,
                "active_storage": 0,
                "dead_storage": 1.2,
                "inflow": 0.022,
                "outflow": 0.001,
                "date": "2026-10-01"
            }
        },
        {
            "type": "Feature",
            "geometry": null,
            "properties": {
                "id": "rsv278",
                "name": "อ่างเก็บน้ำลำจังหัน",
                "region": "ภาคตะวันออกเฉียงเหนือ",
                "capacity": 36.0,
                "volume": 20.7,
                "percent_storage": 57.5,
                "active_storage": 0,
                "dead_storage": 1.8,
                "inflow": 0.017,
                "outflow": 0,
                "date": "2026-10-01"
            }
        },
        {
            "type": "Feature",
            "geometry": null,
            "properties": {
                "id": "rsv279",
                "name": "อ่างเก็บน้ำห้วยตะโก",
                "region": "ภาคตะวันออกเฉียงเหนือ",
                "capacity": 0,
                "volume": 0,
                "percent_storage": 0,
                "active_storage": 0,
                "dead_storage": 0.4,
                "inflow": 0,
                "outflow": 0,
                "date": "2026-10-01"
            }
        },
        {
            "type": "Feature",
            "geometry": null,
            "properties": {
                "id": "rsv281",
                "name": "อ่างเก็บน้ำลำปลายมาศ",
                "region": "ภาคตะวันออกเฉียงเหนือ",
                "capacity": 0,
                "volume": 0,
                "percent_storage": 0,
                "active_storage": 0,
                "dead_storage": 9.3,
                "inflow": 0,
                "outflow": 0,
                "date": "2026-10-01"
            }
        },
        {
            "type": "Feature",
            "geometry": null,
            "properties": {
                "id": "rsv288",
                "name": "อ่างเก็บน้ำลำสำลาย",
                "region": "ภาคตะวันออกเฉียงเหนือ",
                "capacity": 42.002,
                "volume": 13.869,
                "percent_storage": 33.02,
                "active_storage": 0,
                "dead_storage": 2.0,
                "inflow": 1.181,
                "outflow": 0,
                "date": "2026-10-01"
            }
        },
        {
            "type": "Feature",
            "geometry": null,
            "properties": {
                "id": "rsv296",
                "name": "อ่างเก็บน้ำห้วยเตย",
                "region": "ภาคตะวันออกเฉียงเหนือ",
                "capacity": 0,
                "volume": 0,
                "percent_storage": 0,
                "active_storage": 0,
                "dead_storage": 0.14,
                "inflow": 0,
                "outflow": 0,
                "date": "2026-10-01"
            }
        },
        {
            "type": "Feature",
            "geometry": null,
            "properties": {
                "id": "rsv298",
                "name": "อ่างเก็บน้ำลำเชียงสา",
                "region": "ภาคตะวันออกเฉียงเหนือ",
                "capacity": 7.5,
                "volume": 7.575,
                "percent_storage": 101.0,
                "active_storage": 0,
                "dead_storage": 1.4,
                "inflow": 0.446,
                "outflow": 0.458,
                "date": "2026-10-01"
            }
        },
        {
            "type": "Feature",
            "geometry": null,
            "properties": {
                "id": "rsv489",
                "name": "อ่างเก็บน้ำสันกำแพง",
                "region": "ภาคตะวันออกเฉียงเหนือ",
                "capacity": 6.4,
                "volume": 6.454,
                "percent_storage": 100.84,
                "active_storage": 0,
                "dead_storage": 0.76,
                "inflow": 0.054,
                "outflow": 0.172,
                "date": "2026-10-01"
            }
        },
        {
            "type": "Feature",
            "geometry": null,
            "properties": {
                "id": "rsv302",
                "name": "อ่างเก็บน้ำห้วยขนุน",
                "region": "ภาคตะวันออกเฉียงเหนือ",
                "capacity": 0,
                "volume": 0,
                "percent_storage": 0,
                "active_storage": 0,
                "dead_storage": 0.627,
                "inflow": 0,
                "outflow": 0,
                "date": "2026-10-01"
            }
        },
        {
            "type": "Feature",
            "geometry": null,
            "properties": {
                "id": "rsv303",
                "name": "อ่างเก็บน้ำห้วยโอตาลัต",
                "region": "ภาคตะวันออกเฉียงเหนือ",
                "capacity": 0,
                "volume": 0,
                "percent_storage": 0,
                "active_storage": 0,
                "dead_storage": 0.45,
                "inflow": 0,
                "outflow": 0,
                "date": "2026-10-01"
            }
        },
        {
            "type": "Feature",
            "geometry": null,
            "properties": {
                "id": "rsv304",
                "name": "อ่างเก็บน้ำห้วยด่านไอ",
                "region": "ภาคตะวันออกเฉียงเหนือ",
                "capacity": 0,
                "volume": 0,
                "percent_storage": 0,
                "active_storage": 0,
                "dead_storage": 0.6,
                "inflow": 0,
                "outflow": 0,
                "date": "2026-10-01"
            }
        },
        {
            "type": "Feature",
            "geometry": null,
            "properties": {
                "id": "rsv305",
                "name": "อ่างเก็บน้ำห้วยตาจู",
                "region": "ภาคตะวันออกเฉียงเหนือ",
                "capacity": 0,
                "volume": 0,
                "percent_storage": 0,
                "active_storage": 0,
                "dead_storage": 1.8,
                "inflow": 0,
                "outflow": 0,
                "date": "2026-10-01"
            }
        },
        {
            "type": "Feature",
            "geometry": null,
            "properties": {
                "id": "rsv306",
                "name": "อ่างเก็บน้ำห้วยสำราญ",
                "region": "ภาคตะวันออกเฉียงเหนือ",
                "capacity": 0,
                "volume": 0,
                "percent_storage": 0,
                "active_storage": 0,
                "dead_storage": 1.3,
                "inflow": 0,
                "outflow": 0,
                "date": "2026-10-01"
            }
        },
        {
            "type": "Feature",
            "geometry": null,
            "properties": {
                "id": "rsv307",
                "name": "อ่างเก็บน้ำห้วยศาลา",
                "region": "ภาคตะวันออกเฉียงเหนือ",
                "capacity": 0,
                "volume": 0,
                "percent_storage": 0,
                "active_storage": 0,
                "dead_storage": 2.8,
                "inflow": 0,
                "outflow": 0,
                "date": "2026-10-01"
            }
        },
        {
            "type": "Feature",
            "geometry": null,
            "properties": {
                "id": "rsv308",
                "name": "อ่างเก็บน้ำห้วยติ๊กชู",
                "region": "ภาคตะวันออกเฉียงเหนือ",
                "capacity": 0,
                "volume": 0,
                "percent_storage": 0,
                "active_storage": 0,
                "dead_storage": 3.396,
                "inflow": 0,
                "outflow": 0,
                "date": "2026-10-01"
            }
        },
        {
            "type": "Feature",
            "geometry": null,
            "properties": {
                "id": "rsv309",
                "name": "อ่างเก็บน้ำห้วยน้ำคำ",
                "region": "ภาคตะวันออกเฉียงเหนือ",
                "capacity": 0,
                "volume": 0,
                "percent_storage": 0,
                "active_storage": 0,
                "dead_storage": 0.111,
                "inflow": 0,
                "outflow": 0,
                "date": "2026-10-01"
            }
        },
        {
            "type": "Feature",
            "geometry": null,
            "properties": {
                "id": "rsv310",
                "name": "อ่างเก็บน้ำห้วยคล้า",
                "region": "ภาคตะวันออกเฉียงเหนือ",
                "capacity": 0,
                "volume": 0,
                "percent_storage": 0,
                "active_storage": 0,
                "dead_storage": 0.706,
                "inflow": 0,
                "outflow": 0,
                "date": "2026-10-01"
            }
        },
        {
            "type": "Feature",
            "geometry": null,
            "properties": {
                "id": "rsv311",
                "name": "อ่างเก็บน้ำห้วยน้ำเค็ม",
                "region": "ภาคตะวันออกเฉียงเหนือ",
                "capacity": 0,
                "volume": 0,
                "percent_storage": 0,
                "active_storage": 0,
                "dead_storage": 0.242,
                "inflow": 0,
                "outflow": 0,
                "date": "2026-10-01"
            }
        },
        {
            "type": "Feature",
            "geometry": null,
            "properties": {
                "id": "rsv312",
                "name": "อ่างเก็บน้ำห้วยซัน",
                "region": "ภาคตะวันออกเฉียงเหนือ",
                "capacity": 0,
                "volume": 0,
                "percent_storage": 0,
                "active_storage": 0,
                "dead_storage": 0.674,
                "inflow": 0,
                "outflow": 0,
                "date": "2026-10-01"
            }
        },
        {
            "type": "Feature",
            "geometry": null,
            "properties": {
                "id": "rsv313",
                "name": "อ่างเก็บน้ำห้วยตามาย",
                "region": "ภาคตะวันออกเฉียงเหนือ",
                "capacity": 0,
                "volume": 0,
                "percent_storage": 0,
                "active_storage": 0,
                "dead_storage": 0.727,
                "inflow": 0,
                "outflow": 0,
                "date": "2026-10-01"
            }
        },
        {
            "type": "Feature",
            "geometry": null,
            "properties": {
                "id": "rsv314",
                "name": "อ่างเก็บน้ำหนองสิ",
                "region": "ภาคตะวันออกเฉียงเหนือ",
                "capacity": 0,
                "volume": 0,
                "percent_storage": 0,
                "active_storage": 0,
                "dead_storage": 0.65,
                "inflow": 0,
                "outflow": 0,
                "date": "2026-10-01"
            }
        },
        {
            "type": "Feature",
            "geometry": null,
            "properties": {
                "id": "rsv316",
                "name": "อ่างเก็บน้ำห้วยทา",
                "region": "ภาคตะวันออกเฉียงเหนือ",
                "capacity": 0,
                "volume": 0,
                "percent_storage": 0,
                "active_storage": 0,
                "dead_storage": 2.4,
                "inflow": 0,
                "outflow": 0,
                "date": "2026-10-01"
            }
        },
        {
            "type": "Feature",
            "geometry": null,
            "properties": {
                "id": "rsv317",
                "name": "อ่างเก็บน้ำห้วยตะแบง",
                "region": "ภาคตะวันออกเฉียงเหนือ",
                "capacity": 0,
                "volume": 0,
                "percent_storage": 0,
                "active_storage": 0,
                "dead_storage": 0.3,
                "inflow": 0,
                "outflow": 0,
                "date": "2026-10-01"
            }
        },
        {
            "type": "Feature",
            "geometry": null,
            "properties": {
                "id": "rsv318",
                "name": "อ่างเก็บน้ำห้วยแก้ว",
                "region": "ภาคตะวันออกเฉียงเหนือ",
                "capacity": 4.919,
                "volume": 5.002,
                "percent_storage": 101.69,
                "active_storage": 0,
                "dead_storage": 0.44,
                "inflow": 0.176,
                "outflow": 0.176,
                "date": "2026-10-01"
            }
        },
        {
            "type": "Feature",
            "geometry": null,
            "properties": {
                "id": "rsv319",
                "name": "อ่างเก็บน้ำห้วยเชิง",
                "region": "ภาคตะวันออกเฉียงเหนือ",
                "capacity": 8.0,
                "volume": 6.243,
                "percent_storage": 78.04,
                "active_storage": 0,
                "dead_storage": 0.44,
                "inflow": 0.006,
                "outflow": 0,
                "date": "2026-10-01"
            }
        },
        {
            "type": "Feature",
            "geometry": null,
            "properties": {
                "id": "rsv320",
                "name": "อ่างเก็บน้ำห้วยขนาดมอญ",
                "region": "ภาคตะวันออกเฉียงเหนือ",
                "capacity": 15.5,
                "volume": 13.4,
                "percent_storage": 86.45,
                "active_storage": 0,
                "dead_storage": 0.65,
                "inflow": 0.186,
                "outflow": 0,
                "date": "2026-10-01"
            }
        },
        {
            "type": "Feature",
            "geometry": null,
            "properties": {
                "id": "rsv321",
                "name": "อ่างเก็บน้ำอำปึล",
                "region": "ภาคตะวันออกเฉียงเหนือ",
                "capacity": 27.678,
                "volume": 29.746,
                "percent_storage": 107.47,
                "active_storage": 0,
                "dead_storage": 1.43,
                "inflow": 0.531,
                "outflow": 0.041,
                "date": "2026-10-01"
            }
        },
        {
            "type": "Feature",
            "geometry": null,
            "properties": {
                "id": "rsv322",
                "name": "อ่างเก็บน้ำห้วยเสนง",
                "region": "ภาคตะวันออกเฉียงเหนือ",
                "capacity": 21.961,
                "volume": 24.495,
                "percent_storage": 111.54,
                "active_storage": 0,
                "dead_storage": 0.82,
                "inflow": 4.867,
                "outflow": 5.051,
                "date": "2026-10-01"
            }
        },
        {
            "type": "Feature",
            "geometry": null,
            "properties": {
                "id": "rsv323",
                "name": "อ่างเก็บน้ำลำพอก",
                "region": "ภาคตะวันออกเฉียงเหนือ",
                "capacity": 14.58,
                "volume": 15.927,
                "percent_storage": 109.24,
                "active_storage": 0,
                "dead_storage": 0.65,
                "inflow": 2.658,
                "outflow": 2.098,
                "date": "2026-10-01"
            }
        },
        {
            "type": "Feature",
            "geometry": null,
            "properties": {
                "id": "rsv324",
                "name": "อ่างเก็บน้ำห้วยด่าน",
                "region": "ภาคตะวันออกเฉียงเหนือ",
                "capacity": 9.4,
                "volume": 7.8,
                "percent_storage": 82.98,
                "active_storage": 0,
                "dead_storage": 1.14,
                "inflow": 0.007,
                "outflow": 0,
                "date": "2026-10-01"
            }
        },
        {
            "type": "Feature",
            "geometry": null,
            "properties": {
                "id": "rsv325",
                "name": "อ่างเก็บน้ำบ้านทำนบ",
                "region": "ภาคตะวันออกเฉียงเหนือ",
                "capacity": 12.0,
                "volume": 11.16,
                "percent_storage": 93.0,
                "active_storage": 0,
                "dead_storage": 0.2,
                "inflow": 0.154,
                "outflow": 0.002,
                "date": "2026-10-01"
            }
        },
        {
            "type": "Feature",
            "geometry": null,
            "properties": {
                "id": "rsv326",
                "name": "อ่างเก็บน้ำบ้านจรัส",
                "region": "ภาคตะวันออกเฉียงเหนือ",
                "capacity": 15.0,
                "volume": 15.0,
                "percent_storage": 100.0,
                "active_storage": 0,
                "dead_storage": 0.5,
                "inflow": 0.264,
                "outflow": 0,
                "date": "2026-10-01"
            }
        },
        {
            "type": "Feature",
            "geometry": null,
            "properties": {
                "id": "rsv328",
                "name": "อ่างเก็บน้ำห้วยตาเกาว์",
                "region": "ภาคตะวันออกเฉียงเหนือ",
                "capacity": 8.6,
                "volume": 8.945,
                "percent_storage": 104.01,
                "active_storage": 0,
                "dead_storage": 0.059,
                "inflow": 0.149,
                "outflow": 0.186,
                "date": "2026-10-01"
            }
        },
        {
            "type": "Feature",
            "geometry": null,
            "properties": {
                "id": "rsv329",
                "name": "อ่างเก็บน้ำสุวรรณภา",
                "region": "ภาคตะวันออกเฉียงเหนือ",
                "capacity": 1.57,
                "volume": 1.465,
                "percent_storage": 93.31,
                "active_storage": 0,
                "dead_storage": 0.02,
                "inflow": 0.018,
                "outflow": 0.002,
                "date": "2026-10-01"
            }
        },
        {
            "type": "Feature",
            "geometry": null,
            "properties": {
                "id": "rsv330",
                "name": "อ่างเก็บน้ำห้วยกะเลงเวก",
                "region": "ภาคตะวันออกเฉียงเหนือ",
                "capacity": 3.4,
                "volume": 3.42,
                "percent_storage": 100.59,
                "active_storage": 0,
                "dead_storage": 0.4,
                "inflow": 0.062,
                "outflow": 0.059,
                "date": "2026-10-01"
            }
        },
        {
            "type": "Feature",
            "geometry": null,
            "properties": {
                "id": "rsv331",
                "name": "อ่างเก็บน้ำห้วยระหาร",
                "region": "ภาคตะวันออกเฉียงเหนือ",
                "capacity": 1.012,
                "volume": 1.049,
                "percent_storage": 103.66,
                "active_storage": 0,
                "dead_storage": 0.03,
                "inflow": 0.04,
                "outflow": 0.046,
                "date": "2026-10-01"
            }
        },
        {
            "type": "Feature",
            "geometry": null,
            "properties": {
                "id": "rsv290",
                "name": "อ่างเก็บน้ำห้วยบ้านยาง",
                "region": "ภาคตะวันออกเฉียงเหนือ",
                "capacity": 0,
                "volume": 0,
                "percent_storage": 0,
                "active_storage": 0,
                "dead_storage": 0.52,
                "inflow": 0,
                "outflow": 0,
                "date": "2026-10-01"
            }
        },
        {
            "type": "Feature",
            "geometry": null,
            "properties": {
                "id": "rsv286",
                "name": "อ่างเก็บน้ำห้วยยาง",
                "region": "ภาคตะวันออกเฉียงเหนือ",
                "capacity": 0,
                "volume": 0,
                "percent_storage": 0,
                "active_storage": 0,
                "dead_storage": 0.3,
                "inflow": 0,
                "outflow": 0,
                "date": "2026-10-01"
            }
        },
        {
            "type": "Feature",
            "geometry": null,
            "properties": {
                "id": "rsv299",
                "name": "อ่างเก็บน้ำห้วยบะอีแตน",
                "region": "ภาคตะวันออกเฉียงเหนือ",
                "capacity": 0,
                "volume": 0,
                "percent_storage": 0,
                "active_storage": 0,
                "dead_storage": 0.302,
                "inflow": 0,
                "outflow": 0,
                "date": "2026-10-01"
            }
        },
        {
            "type": "Feature",
            "geometry": null,
            "properties": {
                "id": "rsv289",
                "name": "อ่างเก็บน้ำห้วยซับประดู่",
                "region": "ภาคตะวันออกเฉียงเหนือ",
                "capacity": 0,
                "volume": 0,
                "percent_storage": 0,
                "active_storage": 0,
                "dead_storage": 1.401,
                "inflow": 0,
                "outflow": 0,
                "date": "2026-10-01"
            }
        },
        {
            "type": "Feature",
            "geometry": null,
            "properties": {
                "id": "rsv549",
                "name": "อ่างเก็บน้ำ บ้านซับกระจาย",
                "region": "ภาคตะวันออกเฉียงเหนือ",
                "capacity": 0,
                "volume": 0,
                "percent_storage": 0,
                "active_storage": 0,
                "dead_storage": 0.03,
                "inflow": 0,
                "outflow": 0,
                "date": "2026-10-01"
            }
        },
        {
            "type": "Feature",
            "geometry": null,
            "properties": {
                "id": "rsv530",
                "name": "อ่างเก็บน้ำทับรั้ง",
                "region": "ภาคตะวันออกเฉียงเหนือ",
                "capacity": 0,
                "volume": 0,
                "percent_storage": 0,
                "active_storage": 0,
                "dead_storage": 0.337,
                "inflow": 0,
                "outflow": 0,
                "date": "2026-10-01"
            }
        },
        {
            "type": "Feature",
            "geometry": null,
            "properties": {
                "id": "rsv295",
                "name": "อ่างเก็บน้ำห้วยปราสาทใหญ่",
                "region": "ภาคตะวันออกเฉียงเหนือ",
                "capacity": 0,
                "volume": 0,
                "percent_storage": 0,
                "active_storage": 0,
                "dead_storage": 0.854,
                "inflow": 0,
                "outflow": 0,
                "date": "2026-10-01"
            }
        },
        {
            "type": "Feature",
            "geometry": null,
            "properties": {
                "id": "rsv300",
                "name": "อ่างเก็บน้ำลำเชียงไกรตอนบน",
                "region": "ภาคตะวันออกเฉียงเหนือ",
                "capacity": 0,
                "volume": 0,
                "percent_storage": 0,
                "active_storage": 0,
                "dead_storage": 0.95,
                "inflow": 0,
                "outflow": 0,
                "date": "2026-10-01"
            }
        },
        {
            "type": "Feature",
            "geometry": null,
            "properties": {
                "id": "rsv292",
                "name": "อ่างเก็บน้ำลำเชียงไกรตอนล่าง",
                "region": "ภาคตะวันออกเฉียงเหนือ",
                "capacity": 0,
                "volume": 0,
                "percent_storage": 0,
                "active_storage": 0,
                "dead_storage": 1.15,
                "inflow": 0,
                "outflow": 0,
                "date": "2026-10-01"
            }
        },
        {
            "type": "Feature",
            "geometry": null,
            "properties": {
                "id": "rsv293",
                "name": "อ่างเก็บน้ำหนองกก",
                "region": "ภาคตะวันออกเฉียงเหนือ",
                "capacity": 0,
                "volume": 0,
                "percent_storage": 0,
                "active_storage": 0,
                "dead_storage": 0.18,
                "inflow": 0,
                "outflow": 0,
                "date": "2026-10-01"
            }
        },
        {
            "type": "Feature",
            "geometry": null,
            "properties": {
                "id": "rsv297",
                "name": "อ่างเก็บน้ำห้วยตะคร้อ",
                "region": "ภาคตะวันออกเฉียงเหนือ",
                "capacity": 0,
                "volume": 0,
                "percent_storage": 0,
                "active_storage": 0,
                "dead_storage": 0.63,
                "inflow": 0,
                "outflow": 0,
                "date": "2026-10-01"
            }
        },
        {
            "type": "Feature",
            "geometry": null,
            "properties": {
                "id": "rsv294",
                "name": "อ่างเก็บน้ำห้วยยางพะไล",
                "region": "ภาคตะวันออกเฉียงเหนือ",
                "capacity": 0,
                "volume": 0,
                "percent_storage": 0,
                "active_storage": 0,
                "dead_storage": 0.55,
                "inflow": 0,
                "outflow": 0,
                "date": "2026-10-01"
            }
        },
        {
            "type": "Feature",
            "geometry": null,
            "properties": {
                "id": "rsv285",
                "name": "อ่างเก็บน้ำบึงกระโตน",
                "region": "ภาคตะวันออกเฉียงเหนือ",
                "capacity": 0,
                "volume": 0,
                "percent_storage": 0,
                "active_storage": 0,
                "dead_storage": 1.25,
                "inflow": 0,
                "outflow": 0,
                "date": "2026-10-01"
            }
        },
        {
            "type": "Feature",
            "geometry": null,
            "properties": {
                "id": "rsv287",
                "name": "อ่างเก็บน้ำห้วยบง",
                "region": "ภาคตะวันออกเฉียงเหนือ",
                "capacity": 0,
                "volume": 0,
                "percent_storage": 0,
                "active_storage": 0,
                "dead_storage": 0.76,
                "inflow": 0,
                "outflow": 0,
                "date": "2026-10-01"
            }
        },
        {
            "type": "Feature",
            "geometry": null,
            "properties": {
                "id": "rsv284",
                "name": "อ่างเก็บน้ำห้วยสะกาด",
                "region": "ภาคตะวันออกเฉียงเหนือ",
                "capacity": 0,
                "volume": 0,
                "percent_storage": 0,
                "active_storage": 0,
                "dead_storage": 0.12,
                "inflow": 0,
                "outflow": 0,
                "date": "2026-10-01"
            }
        },
        {
            "type": "Feature",
            "geometry": null,
            "properties": {
                "id": "rsv283",
                "name": "อ่างเก็บน้ำลำฉมวก",
                "region": "ภาคตะวันออกเฉียงเหนือ",
                "capacity": 0,
                "volume": 0,
                "percent_storage": 0,
                "active_storage": 0,
                "dead_storage": 1.256,
                "inflow": 0,
                "outflow": 0,
                "date": "2026-10-01"
            }
        },
        {
            "type": "Feature",
            "geometry": null,
            "properties": {
                "id": "rsv291",
                "name": "อ่างเก็บน้ำห้วยทับครัว",
                "region": "ภาคตะวันออกเฉียงเหนือ",
                "capacity": 0,
                "volume": 0,
                "percent_storage": 0,
                "active_storage": 0,
                "dead_storage": 0.765,
                "inflow": 0,
                "outflow": 0,
                "date": "2026-10-01"
            }
        },
        {
            "type": "Feature",
            "geometry": null,
            "properties": {
                "id": "rsv280",
                "name": "อ่างเก็บน้ำห้วยเพลียก",
                "region": "ภาคตะวันออกเฉียงเหนือ",
                "capacity": 0,
                "volume": 0,
                "percent_storage": 0,
                "active_storage": 0,
                "dead_storage": 0.302,
                "inflow": 0,
                "outflow": 0,
                "date": "2026-10-01"
            }
        },
        {
            "type": "Feature",
            "geometry": null,
            "properties": {
                "id": "rsv282",
                "name": "อ่างเก็บน้ำห้วยหิน",
                "region": "ภาคตะวันออกเฉียงเหนือ",
                "capacity": 0,
                "volume": 0,
                "percent_storage": 0,
                "active_storage": 0,
                "dead_storage": 0.05,
                "inflow": 0,
                "outflow": 0,
                "date": "2026-10-01"
            }
        },
        {
            "type": "Feature",
            "geometry": null,
            "properties": {
                "id": "rsv336",
                "name": "อ่างเก็บน้ำคลองระบม",
                "region": "ภาคตะวันออก",
                "capacity": 0,
                "volume": 0,
                "percent_storage": 0,
                "active_storage": 0,
                "dead_storage": 7.8,
                "inflow": 0,
                "outflow": 0,
                "date": "2026-10-01"
            }
        },
        {
            "type": "Feature",
            "geometry": null,
            "properties": {
                "id": "rsv337",
                "name": "อ่างเก็บน้ำลาดกระทิง",
                "region": "ภาคตะวันออก",
                "capacity": 0,
                "volume": 0,
                "percent_storage": 0,
                "active_storage": 0,
                "dead_storage": 0.2,
                "inflow": 0,
                "outflow": 0,
                "date": "2026-10-01"
            }
        },
        {
            "type": "Feature",
            "geometry": null,
            "properties": {
                "id": "rsv338",
                "name": "อ่างเก็บน้ำลุ่มน้ำโจน 16",
                "region": "ภาคตะวันออก",
                "capacity": 0,
                "volume": 0,
                "percent_storage": 0,
                "active_storage": 0,
                "dead_storage": 0.17,
                "inflow": 0,
                "outflow": 0,
                "date": "2026-10-01"
            }
        },
        {
            "type": "Feature",
            "geometry": null,
            "properties": {
                "id": "rsv339",
                "name": "อ่างเก็บน้ำลุ่มน้ำโจน 2",
                "region": "ภาคตะวันออก",
                "capacity": 0,
                "volume": 0,
                "percent_storage": 0,
                "active_storage": 0,
                "dead_storage": 0.3,
                "inflow": 0,
                "outflow": 0,
                "date": "2026-10-01"
            }
        },
        {
            "type": "Feature",
            "geometry": null,
            "properties": {
                "id": "rsv340",
                "name": "อ่างเก็บน้ำคลองบอน",
                "region": "ภาคตะวันออก",
                "capacity": 0,
                "volume": 0,
                "percent_storage": 0,
                "active_storage": 0,
                "dead_storage": 0.3,
                "inflow": 0,
                "outflow": 0,
                "date": "2026-10-01"
            }
        },
        {
            "type": "Feature",
            "geometry": null,
            "properties": {
                "id": "rsv341",
                "name": "อ่างเก็บน้ำคลองศาลทราย",
                "region": "ภาคตะวันออก",
                "capacity": 0,
                "volume": 0,
                "percent_storage": 0,
                "active_storage": 0,
                "dead_storage": 1.0,
                "inflow": 0,
                "outflow": 0,
                "date": "2026-10-01"
            }
        },
        {
            "type": "Feature",
            "geometry": null,
            "properties": {
                "id": "rsv342",
                "name": "อ่างเก็บน้ำคลองพระพุทธ",
                "region": "ภาคตะวันออก",
                "capacity": 0,
                "volume": 0,
                "percent_storage": 0,
                "active_storage": 0,
                "dead_storage": 0.99,
                "inflow": 0,
                "outflow": 0,
                "date": "2026-10-01"
            }
        },
        {
            "type": "Feature",
            "geometry": null,
            "properties": {
                "id": "rsv516",
                "name": "อ่างเก็บน้ำคลองประแกด",
                "region": "ภาคตะวันออก",
                "capacity": 0,
                "volume": 0,
                "percent_storage": 0,
                "active_storage": 0,
                "dead_storage": 2.9,
                "inflow": 0,
                "outflow": 0,
                "date": "2026-10-01"
            }
        },
        {
            "type": "Feature",
            "geometry": null,
            "properties": {
                "id": "rsv555",
                "name": "อ่างเก็บน้ำ คลองหางแมว",
                "region": "ภาคตะวันออก",
                "capacity": 0,
                "volume": 0,
                "percent_storage": 0,
                "active_storage": 0,
                "dead_storage": 5.7,
                "inflow": 0,
                "outflow": 0,
                "date": "2026-10-01"
            }
        },
        {
            "type": "Feature",
            "geometry": null,
            "properties": {
                "id": "rsv343",
                "name": "อ่างเก็บน้ำหนองกลางดง",
                "region": "ภาคตะวันออก",
                "capacity": 0,
                "volume": 0,
                "percent_storage": 0,
                "active_storage": 0,
                "dead_storage": 0.3,
                "inflow": 0,
                "outflow": 0,
                "date": "2026-10-01"
            }
        },
        {
            "type": "Feature",
            "geometry": null,
            "properties": {
                "id": "rsv344",
                "name": "อ่างเก็บน้ำชากนอก",
                "region": "ภาคตะวันออก",
                "capacity": 0,
                "volume": 0,
                "percent_storage": 0,
                "active_storage": 0,
                "dead_storage": 0.4,
                "inflow": 0,
                "outflow": 0,
                "date": "2026-10-01"
            }
        },
        {
            "type": "Feature",
            "geometry": null,
            "properties": {
                "id": "rsv345",
                "name": "อ่างเก็บน้ำมาบประชัน",
                "region": "ภาคตะวันออก",
                "capacity": 0,
                "volume": 0,
                "percent_storage": 0,
                "active_storage": 0,
                "dead_storage": 0.76,
                "inflow": 0,
                "outflow": 0,
                "date": "2026-10-01"
            }
        },
        {
            "type": "Feature",
            "geometry": null,
            "properties": {
                "id": "rsv346",
                "name": "อ่างเก็บน้ำหนองค้อ",
                "region": "ภาคตะวันออก",
                "capacity": 0,
                "volume": 0,
                "percent_storage": 0,
                "active_storage": 0,
                "dead_storage": 1.0,
                "inflow": 0,
                "outflow": 0,
                "date": "2026-10-01"
            }
        },
        {
            "type": "Feature",
            "geometry": null,
            "properties": {
                "id": "rsv347",
                "name": "อ่างเก็บน้ำห้วยขุนจิต",
                "region": "ภาคตะวันออก",
                "capacity": 0,
                "volume": 0,
                "percent_storage": 0,
                "active_storage": 0,
                "dead_storage": 0.25,
                "inflow": 0,
                "outflow": 0,
                "date": "2026-10-01"
            }
        },
        {
            "type": "Feature",
            "geometry": null,
            "properties": {
                "id": "rsv348",
                "name": "อ่างเก็บน้ำมาบฟักทอง 1",
                "region": "ภาคตะวันออก",
                "capacity": 0,
                "volume": 0,
                "percent_storage": 0,
                "active_storage": 0,
                "dead_storage": 0.2,
                "inflow": 0,
                "outflow": 0,
                "date": "2026-10-01"
            }
        },
        {
            "type": "Feature",
            "geometry": null,
            "properties": {
                "id": "rsv349",
                "name": "อ่างเก็บน้ำห้วยสะพาน",
                "region": "ภาคตะวันออก",
                "capacity": 0,
                "volume": 0,
                "percent_storage": 0,
                "active_storage": 0,
                "dead_storage": 0.3,
                "inflow": 0,
                "outflow": 0,
                "date": "2026-10-01"
            }
        },
        {
            "type": "Feature",
            "geometry": null,
            "properties": {
                "id": "rsv350",
                "name": "อ่างเก็บน้ำมาบฟักทอง 2",
                "region": "ภาคตะวันออก",
                "capacity": 0,
                "volume": 0,
                "percent_storage": 0,
                "active_storage": 0,
                "dead_storage": 0.19,
                "inflow": 0,
                "outflow": 0,
                "date": "2026-10-01"
            }
        },
        {
            "type": "Feature",
            "geometry": null,
            "properties": {
                "id": "rsv351",
                "name": "อ่างเก็บน้ำบ้านบึง",
                "region": "ภาคตะวันออก",
                "capacity": 0,
                "volume": 0,
                "percent_storage": 0,
                "active_storage": 0,
                "dead_storage": 2.82,
                "inflow": 0,
                "outflow": 0,
                "date": "2026-10-01"
            }
        },
        {
            "type": "Feature",
            "geometry": null,
            "properties": {
                "id": "rsv352",
                "name": "อ่างเก็บน้ำห้วยตู้ 1",
                "region": "ภาคตะวันออก",
                "capacity": 0,
                "volume": 0,
                "percent_storage": 0,
                "active_storage": 0,
                "dead_storage": 0.09,
                "inflow": 0,
                "outflow": 0,
                "date": "2026-10-01"
            }
        },
        {
            "type": "Feature",
            "geometry": null,
            "properties": {
                "id": "rsv353",
                "name": "อ่างเก็บน้ำห้วยตู้ 2",
                "region": "ภาคตะวันออก",
                "capacity": 0,
                "volume": 0,
                "percent_storage": 0,
                "active_storage": 0,
                "dead_storage": 0.2,
                "inflow": 0,
                "outflow": 0,
                "date": "2026-10-01"
            }
        },
        {
            "type": "Feature",
            "geometry": null,
            "properties": {
                "id": "rsv491",
                "name": "อ่างเก็บน้ำคลองหลวง รัชชโลทร",
                "region": "ภาคตะวันออก",
                "capacity": 98.003,
                "volume": 129.384,
                "percent_storage": 132.02,
                "active_storage": 0,
                "dead_storage": 2.95,
                "inflow": 1.84,
                "outflow": 0.519,
                "date": "2026-10-01"
            }
        },
        {
            "type": "Feature",
            "geometry": null,
            "properties": {
                "id": "rsv547",
                "name": "อ่างเก็บน้ำ คลองกระแส",
                "region": "ภาคตะวันออก",
                "capacity": 0,
                "volume": 0,
                "percent_storage": 0,
                "active_storage": 0,
                "dead_storage": 1.27,
                "inflow": 0,
                "outflow": 0,
                "date": "2026-10-01"
            }
        },
        {
            "type": "Feature",
            "geometry": null,
            "properties": {
                "id": "rsv354",
                "name": "อ่างเก็บน้ำเขาอีโต้ 1",
                "region": "ภาคตะวันออก",
                "capacity": 0,
                "volume": 0,
                "percent_storage": 0,
                "active_storage": 0,
                "dead_storage": 0.5,
                "inflow": 0,
                "outflow": 0,
                "date": "2026-10-01"
            }
        },
        {
            "type": "Feature",
            "geometry": null,
            "properties": {
                "id": "rsv355",
                "name": "อ่างเก็บน้ำทับลาน",
                "region": "ภาคตะวันออก",
                "capacity": 0,
                "volume": 0,
                "percent_storage": 0,
                "active_storage": 0,
                "dead_storage": 0.5,
                "inflow": 0,
                "outflow": 0,
                "date": "2026-10-01"
            }
        },
        {
            "type": "Feature",
            "geometry": null,
            "properties": {
                "id": "rsv499",
                "name": "อ่างเก็บน้ำคลองไม้ปล้อง",
                "region": "ภาคตะวันออก",
                "capacity": 0,
                "volume": 0,
                "percent_storage": 0,
                "active_storage": 0,
                "dead_storage": 0.11,
                "inflow": 0,
                "outflow": 0,
                "date": "2026-10-01"
            }
        },
        {
            "type": "Feature",
            "geometry": null,
            "properties": {
                "id": "rsv357",
                "name": "อ่างเก็บน้ำดอกกราย",
                "region": "ภาคตะวันออก",
                "capacity": 0,
                "volume": 0,
                "percent_storage": 0,
                "active_storage": 0,
                "dead_storage": 3.0,
                "inflow": 0,
                "outflow": 0,
                "date": "2026-10-01"
            }
        },
        {
            "type": "Feature",
            "geometry": null,
            "properties": {
                "id": "rsv358",
                "name": "อ่างเก็บน้ำคลองระโอก",
                "region": "ภาคตะวันออก",
                "capacity": 0,
                "volume": 0,
                "percent_storage": 0,
                "active_storage": 0,
                "dead_storage": 0.2,
                "inflow": 0,
                "outflow": 0,
                "date": "2026-10-01"
            }
        },
        {
            "type": "Feature",
            "geometry": null,
            "properties": {
                "id": "rsv359",
                "name": "อ่างเก็บน้ำคลองใหญ่",
                "region": "ภาคตะวันออก",
                "capacity": 0,
                "volume": 0,
                "percent_storage": 0,
                "active_storage": 0,
                "dead_storage": 3.0,
                "inflow": 0,
                "outflow": 0,
                "date": "2026-10-01"
            }
        },
        {
            "type": "Feature",
            "geometry": null,
            "properties": {
                "id": "rsv360",
                "name": "อ่างเก็บน้ำเขาระกำ",
                "region": "ภาคตะวันออก",
                "capacity": 0,
                "volume": 0,
                "percent_storage": 0,
                "active_storage": 0,
                "dead_storage": 2.31,
                "inflow": 0,
                "outflow": 0,
                "date": "2026-10-01"
            }
        },
        {
            "type": "Feature",
            "geometry": null,
            "properties": {
                "id": "rsv361",
                "name": "อ่างเก็บน้ำบ้านมะนาว",
                "region": "ภาคตะวันออก",
                "capacity": 0,
                "volume": 0,
                "percent_storage": 0,
                "active_storage": 0,
                "dead_storage": 0.07,
                "inflow": 0,
                "outflow": 0,
                "date": "2026-10-01"
            }
        },
        {
            "type": "Feature",
            "geometry": null,
            "properties": {
                "id": "rsv362",
                "name": "อ่างเก็บน้ำด่านชุมพล",
                "region": "ภาคตะวันออก",
                "capacity": 0,
                "volume": 0,
                "percent_storage": 0,
                "active_storage": 0,
                "dead_storage": 0.3,
                "inflow": 0,
                "outflow": 0,
                "date": "2026-10-01"
            }
        },
        {
            "type": "Feature",
            "geometry": null,
            "properties": {
                "id": "rsv363",
                "name": "อ่างเก็บน้ำห้วยแร้ง",
                "region": "ภาคตะวันออก",
                "capacity": 0,
                "volume": 0,
                "percent_storage": 0,
                "active_storage": 0,
                "dead_storage": 2.5,
                "inflow": 0,
                "outflow": 0,
                "date": "2026-10-01"
            }
        },
        {
            "type": "Feature",
            "geometry": null,
            "properties": {
                "id": "rsv364",
                "name": "อ่างเก็บน้ำวังปลาหมอ",
                "region": "ภาคตะวันออก",
                "capacity": 0,
                "volume": 0,
                "percent_storage": 0,
                "active_storage": 0,
                "dead_storage": 0.6,
                "inflow": 0,
                "outflow": 0,
                "date": "2026-10-01"
            }
        },
        {
            "type": "Feature",
            "geometry": null,
            "properties": {
                "id": "rsv497",
                "name": "อ่างเก็บน้ำคลองสะพานหิน",
                "region": "ภาคตะวันออก",
                "capacity": 0,
                "volume": 0,
                "percent_storage": 0,
                "active_storage": 0,
                "dead_storage": 0.5,
                "inflow": 0,
                "outflow": 0,
                "date": "2026-10-01"
            }
        },
        {
            "type": "Feature",
            "geometry": null,
            "properties": {
                "id": "rsv498",
                "name": "อ่างเก็บน้ำคลองโสน",
                "region": "ภาคตะวันออก",
                "capacity": 0,
                "volume": 0,
                "percent_storage": 0,
                "active_storage": 0,
                "dead_storage": 2.48,
                "inflow": 0,
                "outflow": 0,
                "date": "2026-10-01"
            }
        },
        {
            "type": "Feature",
            "geometry": null,
            "properties": {
                "id": "rsv365",
                "name": "อ่างเก็บน้ำพระปรง",
                "region": "ภาคตะวันออก",
                "capacity": 0,
                "volume": 0,
                "percent_storage": 0,
                "active_storage": 0,
                "dead_storage": 4.0,
                "inflow": 0,
                "outflow": 0,
                "date": "2026-10-01"
            }
        },
        {
            "type": "Feature",
            "geometry": null,
            "properties": {
                "id": "rsv366",
                "name": "อ่างเก็บน้ำห้วยชัน",
                "region": "ภาคตะวันออก",
                "capacity": 0,
                "volume": 0,
                "percent_storage": 0,
                "active_storage": 0,
                "dead_storage": 0.86,
                "inflow": 0,
                "outflow": 0,
                "date": "2026-10-01"
            }
        },
        {
            "type": "Feature",
            "geometry": null,
            "properties": {
                "id": "rsv367",
                "name": "อ่างเก็บน้ำท่ากะบาก",
                "region": "ภาคตะวันออก",
                "capacity": 0,
                "volume": 0,
                "percent_storage": 0,
                "active_storage": 0,
                "dead_storage": 0.8,
                "inflow": 0,
                "outflow": 0,
                "date": "2026-10-01"
            }
        },
        {
            "type": "Feature",
            "geometry": null,
            "properties": {
                "id": "rsv368",
                "name": "อ่างเก็บน้ำคลองสามสิบ",
                "region": "ภาคตะวันออก",
                "capacity": 0,
                "volume": 0,
                "percent_storage": 0,
                "active_storage": 0,
                "dead_storage": 0.8,
                "inflow": 0,
                "outflow": 0,
                "date": "2026-10-01"
            }
        },
        {
            "type": "Feature",
            "geometry": null,
            "properties": {
                "id": "rsv369",
                "name": "อ่างเก็บน้ำเขารัง",
                "region": "ภาคตะวันออก",
                "capacity": 0,
                "volume": 0,
                "percent_storage": 0,
                "active_storage": 0,
                "dead_storage": 0.12,
                "inflow": 0,
                "outflow": 0,
                "date": "2026-10-01"
            }
        },
        {
            "type": "Feature",
            "geometry": null,
            "properties": {
                "id": "rsv370",
                "name": "อ่างเก็บน้ำคลองเกลือ",
                "region": "ภาคตะวันออก",
                "capacity": 0,
                "volume": 0,
                "percent_storage": 0,
                "active_storage": 0,
                "dead_storage": 0.8,
                "inflow": 0,
                "outflow": 0,
                "date": "2026-10-01"
            }
        },
        {
            "type": "Feature",
            "geometry": null,
            "properties": {
                "id": "rsv371",
                "name": "อ่างเก็บน้ำช่องกล่ำล่าง",
                "region": "ภาคตะวันออก",
                "capacity": 0,
                "volume": 0,
                "percent_storage": 0,
                "active_storage": 0,
                "dead_storage": 0.2,
                "inflow": 0,
                "outflow": 0,
                "date": "2026-10-01"
            }
        },
        {
            "type": "Feature",
            "geometry": null,
            "properties": {
                "id": "rsv372",
                "name": "อ่างเก็บน้ำห้วยเขาดิน",
                "region": "ภาคตะวันออก",
                "capacity": 0,
                "volume": 0,
                "percent_storage": 0,
                "active_storage": 0,
                "dead_storage": 0.1,
                "inflow": 0,
                "outflow": 0,
                "date": "2026-10-01"
            }
        },
        {
            "type": "Feature",
            "geometry": null,
            "properties": {
                "id": "rsv373",
                "name": "อ่างเก็บน้ำห้วยยาง",
                "region": "ภาคตะวันออก",
                "capacity": 0,
                "volume": 0,
                "percent_storage": 0,
                "active_storage": 0,
                "dead_storage": 4.0,
                "inflow": 0,
                "outflow": 0,
                "date": "2026-10-01"
            }
        },
        {
            "type": "Feature",
            "geometry": null,
            "properties": {
                "id": "rsv374",
                "name": "อ่างเก็บน้ำห้วยตะเคียน",
                "region": "ภาคตะวันออก",
                "capacity": 0,
                "volume": 0,
                "percent_storage": 0,
                "active_storage": 0,
                "dead_storage": 0.2,
                "inflow": 0,
                "outflow": 0,
                "date": "2026-10-01"
            }
        },
        {
            "type": "Feature",
            "geometry": null,
            "properties": {
                "id": "rsv375",
                "name": "อ่างเก็บน้ำคลองส้มป่อย",
                "region": "ภาคตะวันออก",
                "capacity": 0,
                "volume": 0,
                "percent_storage": 0,
                "active_storage": 0,
                "dead_storage": 0.1,
                "inflow": 0,
                "outflow": 0,
                "date": "2026-10-01"
            }
        },
        {
            "type": "Feature",
            "geometry": null,
            "properties": {
                "id": "rsv379",
                "name": "อ่างเก็บน้ำคลองตาด้วง",
                "region": "ภาคตะวันออก",
                "capacity": 0,
                "volume": 0,
                "percent_storage": 0,
                "active_storage": 0,
                "dead_storage": 0.1,
                "inflow": 0,
                "outflow": 0,
                "date": "2026-10-01"
            }
        },
        {
            "type": "Feature",
            "geometry": null,
            "properties": {
                "id": "rsv496",
                "name": "อ่างเก็บน้ำคลองพระสะทึง",
                "region": "ภาคตะวันออก",
                "capacity": 0,
                "volume": 0,
                "percent_storage": 0,
                "active_storage": 0,
                "dead_storage": 4.0,
                "inflow": 0,
                "outflow": 0,
                "date": "2026-10-01"
            }
        },
        {
            "type": "Feature",
            "geometry": null,
            "properties": {
                "id": "rsv380",
                "name": "อ่างเก็บน้ำห้วยปรือ",
                "region": "ภาคตะวันออก",
                "capacity": 8.87,
                "volume": 8.352,
                "percent_storage": 94.16,
                "active_storage": 0,
                "dead_storage": 0.12,
                "inflow": 0.083,
                "outflow": 0.017,
                "date": "2026-10-01"
            }
        },
        {
            "type": "Feature",
            "geometry": null,
            "properties": {
                "id": "rsv381",
                "name": "อ่างเก็บน้ำคลองสีเสียด",
                "region": "ภาคตะวันออก",
                "capacity": 1.14,
                "volume": 1.019,
                "percent_storage": 89.39,
                "active_storage": 0,
                "dead_storage": 0.07,
                "inflow": 0.008,
                "outflow": 0.014,
                "date": "2026-10-01"
            }
        },
        {
            "type": "Feature",
            "geometry": null,
            "properties": {
                "id": "rsv382",
                "name": "อ่างเก็บน้ำคลองโบด",
                "region": "ภาคตะวันออก",
                "capacity": 4.25,
                "volume": 0.739,
                "percent_storage": 17.39,
                "active_storage": 0,
                "dead_storage": 0.01,
                "inflow": 0.012,
                "outflow": 0.013,
                "date": "2026-10-01"
            }
        },
        {
            "type": "Feature",
            "geometry": null,
            "properties": {
                "id": "rsv383",
                "name": "อ่างเก็บน้ำทรายทอง",
                "region": "ภาคตะวันออก",
                "capacity": 2.0,
                "volume": 2.08,
                "percent_storage": 104.0,
                "active_storage": 0,
                "dead_storage": 0.12,
                "inflow": 0.158,
                "outflow": 0.16,
                "date": "2026-10-01"
            }
        },
        {
            "type": "Feature",
            "geometry": null,
            "properties": {
                "id": "rsv384",
                "name": "อ่างเก็บน้ำคลองวังบอน",
                "region": "ภาคตะวันออก",
                "capacity": 7.6,
                "volume": 7.6,
                "percent_storage": 100.0,
                "active_storage": 0,
                "dead_storage": 0.28,
                "inflow": 0.031,
                "outflow": 0.08,
                "date": "2026-10-01"
            }
        },
        {
            "type": "Feature",
            "geometry": null,
            "properties": {
                "id": "rsv386",
                "name": "อ่างเก็บน้ำคลองกลาง",
                "region": "ภาคตะวันออก",
                "capacity": 3.1,
                "volume": 3.075,
                "percent_storage": 99.19,
                "active_storage": 0,
                "dead_storage": 0.1,
                "inflow": 0.004,
                "outflow": 0.006,
                "date": "2026-10-01"
            }
        },
        {
            "type": "Feature",
            "geometry": null,
            "properties": {
                "id": "rsv67",
                "name": "อ่างเก็บน้ำคลองเฉลียงลับ",
                "region": "ภาคกลาง",
                "capacity": 0,
                "volume": 0,
                "percent_storage": 0,
                "active_storage": 0,
                "dead_storage": 0.7,
                "inflow": 0,
                "outflow": 0,
                "date": "2026-10-01"
            }
        },
        {
            "type": "Feature",
            "geometry": null,
            "properties": {
                "id": "rsv68",
                "name": "อ่างเก็บน้ำห้วยขอนแก่น",
                "region": "ภาคกลาง",
                "capacity": 0,
                "volume": 0,
                "percent_storage": 0,
                "active_storage": 0,
                "dead_storage": 3.22,
                "inflow": 0,
                "outflow": 0,
                "date": "2026-10-01"
            }
        },
        {
            "type": "Feature",
            "geometry": null,
            "properties": {
                "id": "rsv69",
                "name": "อ่างเก็บน้ำห้วยป่าแดง",
                "region": "ภาคกลาง",
                "capacity": 0,
                "volume": 0,
                "percent_storage": 0,
                "active_storage": 0,
                "dead_storage": 1.7,
                "inflow": 0,
                "outflow": 0,
                "date": "2026-10-01"
            }
        },
        {
            "type": "Feature",
            "geometry": null,
            "properties": {
                "id": "rsv70",
                "name": "อ่างเก็บน้ำห้วยป่าเลา",
                "region": "ภาคกลาง",
                "capacity": 0,
                "volume": 0,
                "percent_storage": 0,
                "active_storage": 0,
                "dead_storage": 0.184,
                "inflow": 0,
                "outflow": 0,
                "date": "2026-10-01"
            }
        },
        {
            "type": "Feature",
            "geometry": null,
            "properties": {
                "id": "rsv472",
                "name": "อ่างเก็บน้ำน้ำก้อ",
                "region": "ภาคกลาง",
                "capacity": 0,
                "volume": 0,
                "percent_storage": 0,
                "active_storage": 0,
                "dead_storage": 0.812,
                "inflow": 0,
                "outflow": 0,
                "date": "2026-10-01"
            }
        },
        {
            "type": "Feature",
            "geometry": null,
            "properties": {
                "id": "rsv473",
                "name": "อ่างเก็บน้ำห้วยใหญ่",
                "region": "ภาคกลาง",
                "capacity": 0,
                "volume": 0,
                "percent_storage": 0,
                "active_storage": 0,
                "dead_storage": 1.0,
                "inflow": 0,
                "outflow": 0,
                "date": "2026-10-01"
            }
        },
        {
            "type": "Feature",
            "geometry": null,
            "properties": {
                "id": "rsv474",
                "name": "อ่างเก็บน้ำห้วยนา",
                "region": "ภาคกลาง",
                "capacity": 0,
                "volume": 0,
                "percent_storage": 0,
                "active_storage": 0,
                "dead_storage": 0.6,
                "inflow": 0,
                "outflow": 0,
                "date": "2026-10-01"
            }
        },
        {
            "type": "Feature",
            "geometry": null,
            "properties": {
                "id": "rsv475",
                "name": "อ่างเก็บน้ำคลองลำกง",
                "region": "ภาคกลาง",
                "capacity": 0,
                "volume": 0,
                "percent_storage": 0,
                "active_storage": 0,
                "dead_storage": 7.548,
                "inflow": 0,
                "outflow": 0,
                "date": "2026-10-01"
            }
        },
        {
            "type": "Feature",
            "geometry": null,
            "properties": {
                "id": "rsv476",
                "name": "อ่างเก็บน้ำห้วยน้ำชุนใหญ่",
                "region": "ภาคกลาง",
                "capacity": 0,
                "volume": 0,
                "percent_storage": 0,
                "active_storage": 0,
                "dead_storage": 0.64,
                "inflow": 0,
                "outflow": 0,
                "date": "2026-10-01"
            }
        },
        {
            "type": "Feature",
            "geometry": null,
            "properties": {
                "id": "rsv477",
                "name": "อ่างเก็บน้ำห้วยเล็ง",
                "region": "ภาคกลาง",
                "capacity": 0,
                "volume": 0,
                "percent_storage": 0,
                "active_storage": 0,
                "dead_storage": 0.8,
                "inflow": 0,
                "outflow": 0,
                "date": "2026-10-01"
            }
        },
        {
            "type": "Feature",
            "geometry": null,
            "properties": {
                "id": "rsv506",
                "name": "อ่างเก็บน้ำห้วยท่าพล",
                "region": "ภาคกลาง",
                "capacity": 0,
                "volume": 0,
                "percent_storage": 0,
                "active_storage": 0,
                "dead_storage": 1.013,
                "inflow": 0,
                "outflow": 0,
                "date": "2026-10-01"
            }
        },
        {
            "type": "Feature",
            "geometry": null,
            "properties": {
                "id": "rsv389",
                "name": "อ่างเก็บน้ำห้วยขุนแก้ว",
                "region": "ภาคกลาง",
                "capacity": 0,
                "volume": 0,
                "percent_storage": 0,
                "active_storage": 0,
                "dead_storage": 2.17,
                "inflow": 0,
                "outflow": 0,
                "date": "2026-10-01"
            }
        },
        {
            "type": "Feature",
            "geometry": null,
            "properties": {
                "id": "rsv529",
                "name": "อ่างเก็บน้ำวังร่มเกล้า",
                "region": "ภาคกลาง",
                "capacity": 0,
                "volume": 0,
                "percent_storage": 0,
                "active_storage": 0,
                "dead_storage": 0.63,
                "inflow": 0,
                "outflow": 0,
                "date": "2026-10-01"
            }
        },
        {
            "type": "Feature",
            "geometry": null,
            "properties": {
                "id": "rsv390",
                "name": "อ่างเก็บน้ำซับตะเคียน",
                "region": "ภาคกลาง",
                "capacity": 8.42,
                "volume": 4.006,
                "percent_storage": 47.58,
                "active_storage": 0,
                "dead_storage": 0.35,
                "inflow": 0.039,
                "outflow": 0,
                "date": "2026-10-01"
            }
        },
        {
            "type": "Feature",
            "geometry": null,
            "properties": {
                "id": "rsv391",
                "name": "อ่างเก็บน้ำห้วยโป่ง",
                "region": "ภาคกลาง",
                "capacity": 2.07,
                "volume": 0.58,
                "percent_storage": 28.02,
                "active_storage": 0,
                "dead_storage": 0.05,
                "inflow": 0,
                "outflow": 0,
                "date": "2026-10-01"
            }
        },
        {
            "type": "Feature",
            "geometry": null,
            "properties": {
                "id": "rsv392",
                "name": "อ่างเก็บน้ำกุดตาเพชร",
                "region": "ภาคกลาง",
                "capacity": 43.0,
                "volume": 37.178,
                "percent_storage": 86.46,
                "active_storage": 0,
                "dead_storage": 2.0,
                "inflow": 0.346,
                "outflow": 0,
                "date": "2026-10-01"
            }
        },
        {
            "type": "Feature",
            "geometry": null,
            "properties": {
                "id": "rsv393",
                "name": "อ่างเก็บน้ำห้วยใหญ่ (วังแขม)",
                "region": "ภาคกลาง",
                "capacity": 11.999,
                "volume": 10.191,
                "percent_storage": 84.93,
                "active_storage": 0,
                "dead_storage": 1.5,
                "inflow": 0.168,
                "outflow": 0,
                "date": "2026-10-01"
            }
        },
        {
            "type": "Feature",
            "geometry": null,
            "properties": {
                "id": "rsv396",
                "name": "อ่างเก็บน้ำห้วยหิน",
                "region": "ภาคกลาง",
                "capacity": 2.25,
                "volume": 2.152,
                "percent_storage": 95.64,
                "active_storage": 0,
                "dead_storage": 0.2,
                "inflow": 0.017,
                "outflow": 0,
                "date": "2026-10-01"
            }
        },
        {
            "type": "Feature",
            "geometry": null,
            "properties": {
                "id": "rsv525",
                "name": "อ่างเก็บน้ำห้วยแฟน",
                "region": "ภาคกลาง",
                "capacity": 0,
                "volume": 0,
                "percent_storage": 0.0,
                "active_storage": 0,
                "dead_storage": 0.055,
                "inflow": 0,
                "outflow": 0,
                "date": "2026-10-01"
            }
        },
        {
            "type": "Feature",
            "geometry": null,
            "properties": {
                "id": "rsv526",
                "name": "อ่างเก็บน้ำห้วยใหญ่",
                "region": "ภาคกลาง",
                "capacity": 7.6,
                "volume": 2.1,
                "percent_storage": 27.63,
                "active_storage": 0,
                "dead_storage": 0.05,
                "inflow": 0,
                "outflow": 0,
                "date": "2026-10-01"
            }
        },
        {
            "type": "Feature",
            "geometry": null,
            "properties": {
                "id": "rsv556",
                "name": "อ่างเก็บน้ำ คุ้งใหญ่",
                "region": "ภาคกลาง",
                "capacity": 0,
                "volume": 0,
                "percent_storage": 0.0,
                "active_storage": 0,
                "dead_storage": 0.104,
                "inflow": 0,
                "outflow": 0,
                "date": "2026-10-01"
            }
        },
        {
            "type": "Feature",
            "geometry": null,
            "properties": {
                "id": "rsv397",
                "name": "อ่างเก็บน้ำบ้านดง",
                "region": "ภาคกลาง",
                "capacity": 0,
                "volume": 0,
                "percent_storage": 0,
                "active_storage": 0,
                "dead_storage": 0.25,
                "inflow": 0,
                "outflow": 0,
                "date": "2026-10-01"
            }
        },
        {
            "type": "Feature",
            "geometry": null,
            "properties": {
                "id": "rsv398",
                "name": "อ่างเก็บน้ำคลองเพรียว",
                "region": "ภาคกลาง",
                "capacity": 0,
                "volume": 0,
                "percent_storage": 0,
                "active_storage": 0,
                "dead_storage": 2.05,
                "inflow": 0,
                "outflow": 0,
                "date": "2026-10-01"
            }
        },
        {
            "type": "Feature",
            "geometry": null,
            "properties": {
                "id": "rsv399",
                "name": "อ่างเก็บน้ำห้วยหินขาว",
                "region": "ภาคกลาง",
                "capacity": 0,
                "volume": 0,
                "percent_storage": 0,
                "active_storage": 0,
                "dead_storage": 0.97,
                "inflow": 0,
                "outflow": 0,
                "date": "2026-10-01"
            }
        },
        {
            "type": "Feature",
            "geometry": null,
            "properties": {
                "id": "rsv470",
                "name": "อ่างเก็บน้ำมวกเหล็ก",
                "region": "ภาคกลาง",
                "capacity": 0,
                "volume": 0,
                "percent_storage": 0,
                "active_storage": 0,
                "dead_storage": 1.1,
                "inflow": 0,
                "outflow": 0,
                "date": "2026-10-01"
            }
        },
        {
            "type": "Feature",
            "geometry": null,
            "properties": {
                "id": "rsv401",
                "name": "อ่างเก็บน้ำห้วยท่าเดื่อ",
                "region": "ภาคกลาง",
                "capacity": 0,
                "volume": 0,
                "percent_storage": 0,
                "active_storage": 0,
                "dead_storage": 0.2,
                "inflow": 0,
                "outflow": 0,
                "date": "2026-10-01"
            }
        },
        {
            "type": "Feature",
            "geometry": null,
            "properties": {
                "id": "rsv484",
                "name": "อ่างเก็บน้ำห้วยยาง",
                "region": "ภาคกลาง",
                "capacity": 0,
                "volume": 0,
                "percent_storage": 0,
                "active_storage": 0,
                "dead_storage": 0.15,
                "inflow": 0,
                "outflow": 0,
                "date": "2026-10-01"
            }
        },
        {
            "type": "Feature",
            "geometry": null,
            "properties": {
                "id": "rsv527",
                "name": "อ่างเก็บน้ำห้วยหนองโรง",
                "region": "ภาคกลาง",
                "capacity": 0,
                "volume": 0,
                "percent_storage": 0,
                "active_storage": 0,
                "dead_storage": 0.85,
                "inflow": 0,
                "outflow": 0,
                "date": "2026-10-01"
            }
        },
        {
            "type": "Feature",
            "geometry": null,
            "properties": {
                "id": "rsv402",
                "name": "อ่างเก็บน้ำลำตะเพิน",
                "region": "ภาคตะวันตก",
                "capacity": 49.998,
                "volume": 52.723,
                "percent_storage": 105.45,
                "active_storage": 0,
                "dead_storage": 4.8,
                "inflow": 3.102,
                "outflow": 4.147,
                "date": "2026-10-01"
            }
        },
        {
            "type": "Feature",
            "geometry": null,
            "properties": {
                "id": "rsv403",
                "name": "อ่างเก็บน้ำห้วยเทียน",
                "region": "ภาคตะวันตก",
                "capacity": 10.651,
                "volume": 6.235,
                "percent_storage": 58.54,
                "active_storage": 0,
                "dead_storage": 1.4,
                "inflow": 0.195,
                "outflow": 0,
                "date": "2026-10-01"
            }
        },
        {
            "type": "Feature",
            "geometry": null,
            "properties": {
                "id": "rsv404",
                "name": "อ่างเก็บน้ำห้วยพุตะเคียน",
                "region": "ภาคตะวันตก",
                "capacity": 4.0,
                "volume": 4.013,
                "percent_storage": 100.33,
                "active_storage": 0,
                "dead_storage": 0.24,
                "inflow": 0,
                "outflow": 0,
                "date": "2026-10-01"
            }
        },
        {
            "type": "Feature",
            "geometry": null,
            "properties": {
                "id": "rsv517",
                "name": "อ่างเก็บน้ำห้วยกระพร้อย",
                "region": "ภาคตะวันตก",
                "capacity": 23.17,
                "volume": 26.24,
                "percent_storage": 113.25,
                "active_storage": 0,
                "dead_storage": 1.142,
                "inflow": 3.076,
                "outflow": 3.076,
                "date": "2026-10-01"
            }
        },
        {
            "type": "Feature",
            "geometry": null,
            "properties": {
                "id": "rsv557",
                "name": "อ่างเก็บน้ำ ห้วยลำทราย",
                "region": "ภาคตะวันตก",
                "capacity": 6.569,
                "volume": 6.696,
                "percent_storage": 101.93,
                "active_storage": 0,
                "dead_storage": 0.13,
                "inflow": 0.302,
                "outflow": 302.0,
                "date": "2026-10-01"
            }
        },
        {
            "type": "Feature",
            "geometry": null,
            "properties": {
                "id": "rsv405",
                "name": "อ่างเก็บน้ำชัฎป่าหวาย",
                "region": "ภาคตะวันตก",
                "capacity": 0,
                "volume": 0,
                "percent_storage": 0,
                "active_storage": 0,
                "dead_storage": 0.25,
                "inflow": 0,
                "outflow": 0,
                "date": "2026-10-01"
            }
        },
        {
            "type": "Feature",
            "geometry": null,
            "properties": {
                "id": "rsv406",
                "name": "อ่างเก็บน้ำห้วยสำนักไม้เต็ง",
                "region": "ภาคตะวันตก",
                "capacity": 0,
                "volume": 0,
                "percent_storage": 0,
                "active_storage": 0,
                "dead_storage": 2.0,
                "inflow": 0,
                "outflow": 0,
                "date": "2026-10-01"
            }
        },
        {
            "type": "Feature",
            "geometry": null,
            "properties": {
                "id": "rsv407",
                "name": "อ่างเก็บน้ำห้วยมะหาด",
                "region": "ภาคตะวันตก",
                "capacity": 0,
                "volume": 0,
                "percent_storage": 0,
                "active_storage": 0,
                "dead_storage": 0.22,
                "inflow": 0,
                "outflow": 0,
                "date": "2026-10-01"
            }
        },
        {
            "type": "Feature",
            "geometry": null,
            "properties": {
                "id": "rsv408",
                "name": "อ่างเก็บน้ำห้วยท่าเคย",
                "region": "ภาคตะวันตก",
                "capacity": 0,
                "volume": 0,
                "percent_storage": 0,
                "active_storage": 0,
                "dead_storage": 1.0,
                "inflow": 0,
                "outflow": 0,
                "date": "2026-10-01"
            }
        },
        {
            "type": "Feature",
            "geometry": null,
            "properties": {
                "id": "rsv410",
                "name": "อ่างเก็บน้ำห้วยสามเขา",
                "region": "ภาคใต้",
                "capacity": 0,
                "volume": 0,
                "percent_storage": 0,
                "active_storage": 0,
                "dead_storage": 0.12,
                "inflow": 0,
                "outflow": 0,
                "date": "2026-10-01"
            }
        },
        {
            "type": "Feature",
            "geometry": null,
            "properties": {
                "id": "rsv411",
                "name": "อ่างเก็บน้ำห้วยสงสัย",
                "region": "ภาคใต้",
                "capacity": 0,
                "volume": 0,
                "percent_storage": 0,
                "active_storage": 0,
                "dead_storage": 0.4,
                "inflow": 0,
                "outflow": 0,
                "date": "2026-10-01"
            }
        },
        {
            "type": "Feature",
            "geometry": null,
            "properties": {
                "id": "rsv412",
                "name": "อ่างเก็บน้ำห้วยทราย",
                "region": "ภาคใต้",
                "capacity": 0,
                "volume": 0,
                "percent_storage": 0,
                "active_storage": 0,
                "dead_storage": 0.04,
                "inflow": 0,
                "outflow": 0,
                "date": "2026-10-01"
            }
        },
        {
            "type": "Feature",
            "geometry": null,
            "properties": {
                "id": "rsv413",
                "name": "อ่างเก็บน้ำทุ่งขาม",
                "region": "ภาคใต้",
                "capacity": 0,
                "volume": 0,
                "percent_storage": 0,
                "active_storage": 0,
                "dead_storage": 0.61,
                "inflow": 0,
                "outflow": 0,
                "date": "2026-10-01"
            }
        },
        {
            "type": "Feature",
            "geometry": null,
            "properties": {
                "id": "rsv414",
                "name": "อ่างเก็บน้ำห้วยตะแปด",
                "region": "ภาคใต้",
                "capacity": 0,
                "volume": 0,
                "percent_storage": 0,
                "active_storage": 0,
                "dead_storage": 0.13,
                "inflow": 0,
                "outflow": 0,
                "date": "2026-10-01"
            }
        },
        {
            "type": "Feature",
            "geometry": null,
            "properties": {
                "id": "rsv420",
                "name": "อ่างเก็บน้ำบ้านกระหร่างสาม",
                "region": "ภาคใต้",
                "capacity": 0,
                "volume": 0,
                "percent_storage": 0,
                "active_storage": 0,
                "dead_storage": 0.22,
                "inflow": 0,
                "outflow": 0,
                "date": "2026-10-01"
            }
        },
        {
            "type": "Feature",
            "geometry": null,
            "properties": {
                "id": "rsv421",
                "name": "อ่างเก็บน้ำแม่ประจันต์",
                "region": "ภาคใต้",
                "capacity": 0,
                "volume": 0,
                "percent_storage": 0,
                "active_storage": 0,
                "dead_storage": 2.04,
                "inflow": 0,
                "outflow": 0,
                "date": "2026-10-01"
            }
        },
        {
            "type": "Feature",
            "geometry": null,
            "properties": {
                "id": "rsv467",
                "name": "อ่างเก็บน้ำห้วยผาก",
                "region": "ภาคใต้",
                "capacity": 0,
                "volume": 0,
                "percent_storage": 0,
                "active_storage": 0,
                "dead_storage": 3.0,
                "inflow": 0,
                "outflow": 0,
                "date": "2026-10-01"
            }
        },
        {
            "type": "Feature",
            "geometry": null,
            "properties": {
                "id": "rsv423",
                "name": "อ่างเก็บน้ำคลองช่องลม",
                "region": "ภาคใต้",
                "capacity": 0,
                "volume": 0,
                "percent_storage": 0,
                "active_storage": 0,
                "dead_storage": 0.3,
                "inflow": 0,
                "outflow": 0,
                "date": "2026-10-01"
            }
        },
        {
            "type": "Feature",
            "geometry": null,
            "properties": {
                "id": "rsv424",
                "name": "อ่างเก็บน้ำคลองจะกระ",
                "region": "ภาคใต้",
                "capacity": 0,
                "volume": 0,
                "percent_storage": 0,
                "active_storage": 0,
                "dead_storage": 0.5,
                "inflow": 0,
                "outflow": 0,
                "date": "2026-10-01"
            }
        },
        {
            "type": "Feature",
            "geometry": null,
            "properties": {
                "id": "rsv425",
                "name": "อ่างเก็บน้ำยางชุม",
                "region": "ภาคใต้",
                "capacity": 0,
                "volume": 0,
                "percent_storage": 0,
                "active_storage": 0,
                "dead_storage": 4.0,
                "inflow": 0,
                "outflow": 0,
                "date": "2026-10-01"
            }
        },
        {
            "type": "Feature",
            "geometry": null,
            "properties": {
                "id": "rsv426",
                "name": "อ่างเก็บน้ำคลองบึง",
                "region": "ภาคใต้",
                "capacity": 0,
                "volume": 0,
                "percent_storage": 0,
                "active_storage": 0,
                "dead_storage": 0.8,
                "inflow": 0,
                "outflow": 0,
                "date": "2026-10-01"
            }
        },
        {
            "type": "Feature",
            "geometry": null,
            "properties": {
                "id": "rsv427",
                "name": "อ่างเก็บน้ำห้วยอ่างหิน",
                "region": "ภาคใต้",
                "capacity": 0,
                "volume": 0,
                "percent_storage": 0,
                "active_storage": 0,
                "dead_storage": 0.15,
                "inflow": 0,
                "outflow": 0,
                "date": "2026-10-01"
            }
        },
        {
            "type": "Feature",
            "geometry": null,
            "properties": {
                "id": "rsv428",
                "name": "อ่างเก็บน้ำห้วยไทรงาม",
                "region": "ภาคใต้",
                "capacity": 0,
                "volume": 0,
                "percent_storage": 0,
                "active_storage": 0,
                "dead_storage": 0.9,
                "inflow": 0,
                "outflow": 0,
                "date": "2026-10-01"
            }
        },
        {
            "type": "Feature",
            "geometry": null,
            "properties": {
                "id": "rsv429",
                "name": "อ่างเก็บน้ำห้วยวังเต็น",
                "region": "ภาคใต้",
                "capacity": 0,
                "volume": 0,
                "percent_storage": 0,
                "active_storage": 0,
                "dead_storage": 0.67,
                "inflow": 0,
                "outflow": 0,
                "date": "2026-10-01"
            }
        },
        {
            "type": "Feature",
            "geometry": null,
            "properties": {
                "id": "rsv488",
                "name": "อ่างเก็บน้ำห้วยมงคล",
                "region": "ภาคใต้",
                "capacity": 0,
                "volume": 0,
                "percent_storage": 0,
                "active_storage": 0,
                "dead_storage": 0.24,
                "inflow": 0,
                "outflow": 0,
                "date": "2026-10-01"
            }
        },
        {
            "type": "Feature",
            "geometry": null,
            "properties": {
                "id": "rsv430",
                "name": "อ่างเก็บน้ำบางกำปรัด",
                "region": "ภาคใต้",
                "capacity": 0,
                "volume": 0,
                "percent_storage": 0,
                "active_storage": 0,
                "dead_storage": 0.25,
                "inflow": 0,
                "outflow": 0,
                "date": "2026-10-01"
            }
        },
        {
            "type": "Feature",
            "geometry": null,
            "properties": {
                "id": "rsv431",
                "name": "อ่างเก็บน้ำห้วยลึก",
                "region": "ภาคใต้",
                "capacity": 0,
                "volume": 0,
                "percent_storage": 0,
                "active_storage": 0,
                "dead_storage": 0.06,
                "inflow": 0,
                "outflow": 0,
                "date": "2026-10-01"
            }
        },
        {
            "type": "Feature",
            "geometry": null,
            "properties": {
                "id": "rsv432",
                "name": "อ่างเก็บน้ำห้วยน้ำเขียว",
                "region": "ภาคใต้",
                "capacity": 0,
                "volume": 0,
                "percent_storage": 0,
                "active_storage": 0,
                "dead_storage": 0.24,
                "inflow": 0,
                "outflow": 0,
                "date": "2026-10-01"
            }
        },
        {
            "type": "Feature",
            "geometry": null,
            "properties": {
                "id": "rsv433",
                "name": "อ่างเก็บน้ำคลองหยา",
                "region": "ภาคใต้",
                "capacity": 0,
                "volume": 0,
                "percent_storage": 0,
                "active_storage": 0,
                "dead_storage": 0.04,
                "inflow": 0,
                "outflow": 0,
                "date": "2026-10-01"
            }
        },
        {
            "type": "Feature",
            "geometry": null,
            "properties": {
                "id": "rsv471",
                "name": "อ่างเก็บน้ำคลองแห้ง",
                "region": "ภาคใต้",
                "capacity": 0,
                "volume": 0,
                "percent_storage": 0,
                "active_storage": 0,
                "dead_storage": 1.0,
                "inflow": 0,
                "outflow": 0,
                "date": "2026-10-01"
            }
        },
        {
            "type": "Feature",
            "geometry": null,
            "properties": {
                "id": "rsv542",
                "name": "อ่างเก็บน้ำ ห้วยทรายขาว",
                "region": "ภาคใต้",
                "capacity": 0,
                "volume": 0,
                "percent_storage": 0,
                "active_storage": 0,
                "dead_storage": 0.125,
                "inflow": 0,
                "outflow": 0,
                "date": "2026-10-01"
            }
        },
        {
            "type": "Feature",
            "geometry": null,
            "properties": {
                "id": "rsv434",
                "name": "อ่างเก็บน้ำห้วยน้ำใส",
                "region": "ภาคใต้",
                "capacity": 0,
                "volume": 0,
                "percent_storage": 0,
                "active_storage": 0,
                "dead_storage": 2.0,
                "inflow": 0,
                "outflow": 0,
                "date": "2026-10-01"
            }
        },
        {
            "type": "Feature",
            "geometry": null,
            "properties": {
                "id": "rsv435",
                "name": "อ่างเก็บน้ำคลองกะทูน",
                "region": "ภาคใต้",
                "capacity": 70.504,
                "volume": 39.32,
                "percent_storage": 55.77,
                "active_storage": 0,
                "dead_storage": 14.3,
                "inflow": 1.084,
                "outflow": 0.354,
                "date": "2026-10-01"
            }
        },
        {
            "type": "Feature",
            "geometry": null,
            "properties": {
                "id": "rsv436",
                "name": "อ่างเก็บน้ำบ้านเสม็ดจวน",
                "region": "ภาคใต้",
                "capacity": 1.7,
                "volume": 0.862,
                "percent_storage": 50.71,
                "active_storage": 0,
                "dead_storage": 0.1,
                "inflow": 0,
                "outflow": 0,
                "date": "2026-10-01"
            }
        },
        {
            "type": "Feature",
            "geometry": null,
            "properties": {
                "id": "rsv437",
                "name": "อ่างเก็บน้ำคลองดินแดง",
                "region": "ภาคใต้",
                "capacity": 60.0,
                "volume": 32.94,
                "percent_storage": 54.9,
                "active_storage": 0,
                "dead_storage": 13.0,
                "inflow": 0,
                "outflow": 0.181,
                "date": "2026-10-01"
            }
        },
        {
            "type": "Feature",
            "geometry": null,
            "properties": {
                "id": "rsv543",
                "name": "อ่างเก็บน้ำ คลองสังข์",
                "region": "ภาคใต้",
                "capacity": 36.577,
                "volume": 17.096,
                "percent_storage": 46.74,
                "active_storage": 0,
                "dead_storage": 1.18,
                "inflow": 0.058,
                "outflow": 0.016,
                "date": "2026-10-01"
            }
        },
        {
            "type": "Feature",
            "geometry": null,
            "properties": {
                "id": "rsv438",
                "name": "อ่างเก็บน้ำบางวาด",
                "region": "ภาคใต้",
                "capacity": 0,
                "volume": 0,
                "percent_storage": 0,
                "active_storage": 0,
                "dead_storage": 0.27,
                "inflow": 0,
                "outflow": 0,
                "date": "2026-10-01"
            }
        },
        {
            "type": "Feature",
            "geometry": null,
            "properties": {
                "id": "rsv439",
                "name": "อ่างเก็บน้ำบางเหนียวดำ",
                "region": "ภาคใต้",
                "capacity": 0,
                "volume": 0,
                "percent_storage": 0,
                "active_storage": 0,
                "dead_storage": 0.028,
                "inflow": 0,
                "outflow": 0,
                "date": "2026-10-01"
            }
        },
        {
            "type": "Feature",
            "geometry": null,
            "properties": {
                "id": "rsv510",
                "name": "อ่างเก็บน้ำคลองกะทะ",
                "region": "ภาคใต้",
                "capacity": 0,
                "volume": 0,
                "percent_storage": 0,
                "active_storage": 0,
                "dead_storage": 0.163,
                "inflow": 0,
                "outflow": 0,
                "date": "2026-10-01"
            }
        },
        {
            "type": "Feature",
            "geometry": null,
            "properties": {
                "id": "rsv440",
                "name": "อ่างเก็บน้ำคลองท่างิ้ว",
                "region": "ภาคใต้",
                "capacity": 0,
                "volume": 0,
                "percent_storage": 0,
                "active_storage": 0,
                "dead_storage": 0.4,
                "inflow": 0,
                "outflow": 0,
                "date": "2026-10-01"
            }
        },
        {
            "type": "Feature",
            "geometry": null,
            "properties": {
                "id": "rsv492",
                "name": "อ่างเก็บน้ำบ้านพรุเตย",
                "region": "ภาคใต้",
                "capacity": 0,
                "volume": 0,
                "percent_storage": 0,
                "active_storage": 0,
                "dead_storage": 0.48,
                "inflow": 0,
                "outflow": 0,
                "date": "2026-10-01"
            }
        },
        {
            "type": "Feature",
            "geometry": null,
            "properties": {
                "id": "rsv528",
                "name": "อ่างเก็บน้ำคลองทรายขาว",
                "region": "ภาคใต้",
                "capacity": 0,
                "volume": 0,
                "percent_storage": 0,
                "active_storage": 0,
                "dead_storage": 0.0,
                "inflow": 0,
                "outflow": 0,
                "date": "2026-10-01"
            }
        },
        {
            "type": "Feature",
            "geometry": null,
            "properties": {
                "id": "rsv441",
                "name": "อ่างเก็บน้ำคลองป่าบอน",
                "region": "ภาคใต้",
                "capacity": 19.984,
                "volume": 1.249,
                "percent_storage": 6.25,
                "active_storage": 0,
                "dead_storage": 0.9,
                "inflow": 0.087,
                "outflow": 0,
                "date": "2026-10-01"
            }
        },
        {
            "type": "Feature",
            "geometry": null,
            "properties": {
                "id": "rsv442",
                "name": "อ่างเก็บน้ำป่าพะยอม",
                "region": "ภาคใต้",
                "capacity": 20.498,
                "volume": 8.197,
                "percent_storage": 39.99,
                "active_storage": 0,
                "dead_storage": 0.8,
                "inflow": 0,
                "outflow": 0.051,
                "date": "2026-10-01"
            }
        },
        {
            "type": "Feature",
            "geometry": null,
            "properties": {
                "id": "rsv482",
                "name": "อ่างเก็บน้ำคลองหัวช้าง",
                "region": "ภาคใต้",
                "capacity": 0,
                "volume": 0,
                "percent_storage": 0,
                "active_storage": 0,
                "dead_storage": 0.55,
                "inflow": 0,
                "outflow": 0,
                "date": "2026-10-01"
            }
        },
        {
            "type": "Feature",
            "geometry": null,
            "properties": {
                "id": "rsv443",
                "name": "อ่างเก็บน้ำคลองจำไหร",
                "region": "ภาคใต้",
                "capacity": 0,
                "volume": 0,
                "percent_storage": 0,
                "active_storage": 0,
                "dead_storage": 0.1,
                "inflow": 0,
                "outflow": 0,
                "date": "2026-10-01"
            }
        },
        {
            "type": "Feature",
            "geometry": null,
            "properties": {
                "id": "rsv444",
                "name": "อ่างเก็บน้ำคลองหลา",
                "region": "ภาคใต้",
                "capacity": 0,
                "volume": 0,
                "percent_storage": 0,
                "active_storage": 0,
                "dead_storage": 0.305,
                "inflow": 0,
                "outflow": 0,
                "date": "2026-10-01"
            }
        },
        {
            "type": "Feature",
            "geometry": null,
            "properties": {
                "id": "rsv445",
                "name": "อ่างเก็บน้ำคลองสะเดา",
                "region": "ภาคใต้",
                "capacity": 0,
                "volume": 0,
                "percent_storage": 0,
                "active_storage": 0,
                "dead_storage": 1.556,
                "inflow": 0,
                "outflow": 0,
                "date": "2026-10-01"
            }
        },
        {
            "type": "Feature",
            "geometry": null,
            "properties": {
                "id": "rsv446",
                "name": "อ่างเก็บน้ำบางทรายนวล",
                "region": "ภาคใต้",
                "capacity": 0,
                "volume": 0,
                "percent_storage": 0,
                "active_storage": 0,
                "dead_storage": 0.1,
                "inflow": 0,
                "outflow": 0,
                "date": "2026-10-01"
            }
        },
        {
            "type": "Feature",
            "geometry": null,
            "properties": {
                "id": "rsv447",
                "name": "อ่างเก็บน้ำคลองสวนหนัง",
                "region": "ภาคใต้",
                "capacity": 0,
                "volume": 0,
                "percent_storage": 0,
                "active_storage": 0,
                "dead_storage": 0.21,
                "inflow": 0,
                "outflow": 0,
                "date": "2026-10-01"
            }
        },
        {
            "type": "Feature",
            "geometry": null,
            "properties": {
                "id": "rsv448",
                "name": "อ่างเก็บน้ำใกล้บ้าน",
                "region": "ภาคใต้",
                "capacity": 0,
                "volume": 0,
                "percent_storage": 0,
                "active_storage": 0,
                "dead_storage": 0.05,
                "inflow": 0,
                "outflow": 0,
                "date": "2026-10-01"
            }
        },
        {
            "type": "Feature",
            "geometry": null,
            "properties": {
                "id": "rsv509",
                "name": "อ่างเก็บน้ำบ้านไบก์ (บ้านไบ้)",
                "region": "ภาคใต้",
                "capacity": 0,
                "volume": 0,
                "percent_storage": 0,
                "active_storage": 0,
                "dead_storage": 0.03,
                "inflow": 0,
                "outflow": 0,
                "date": "2026-10-01"
            }
        },
        {
            "type": "Feature",
            "geometry": null,
            "properties": {
                "id": "rsv500",
                "name": "อ่างเก็บน้ำหาดส้มแป้น",
                "region": "ภาคใต้",
                "capacity": 0,
                "volume": 0,
                "percent_storage": 0,
                "active_storage": 0,
                "dead_storage": 1.8,
                "inflow": 0,
                "outflow": 0,
                "date": "2026-10-01"
            }
        }
    ]
}